200,IAM,2,9A50,1
135,BEGIN,2
135,1,21/11/13  0:38:44,System ,D: 10/0,Zone 205 - ,System Zone  ,Loop 9 - Device  10    ,PM Task Restarted,16510,0,2058,                                                                              

135,2,21/11/13  0:39:41,System ,D: 10/0,Zone 205 - ,System Zone  ,Loop 9 - Device  10    ,PM Task Restarted,16510,0,2058,                                                                              

135,3,21/11/13  0:40:38,System ,D: 10/0,Zone 205 - ,System Zone  ,Loop 9 - Device  10    ,PM Task Restarted,16510,0,2058,                                                                              

135,4,21/11/13  0:41:35,System ,D: 10/0,Zone 205 - ,System Zone  ,Loop 9 - Device  10    ,PM Task Restarted,16510,0,2058,                                                                              

135,5,21/11/13  0:42:32,System ,D: 10/0,Zone 205 - ,System Zone  ,Loop 9 - Device  10    ,PM Task Restarted,16510,0,2058,                                                                              

135,6,21/11/13  0:43:29,System ,D: 10/0,Zone 205 - ,System Zone  ,Loop 9 - Device  10    ,PM Task Restarted,16510,0,2058,                                                                              

135,7,21/11/13  0:44:26,System ,D: 10/0,Zone 205 - ,System Zone  ,Loop 9 - Device  10    ,PM Task Restarted,16510,0,2058,                                                                              

135,8,21/11/13  0:45:23,System ,D: 10/0,Zone 205 - ,System Zone  ,Loop 9 - Device  10    ,PM Task Restarted,16510,0,2058,                                                                              

135,9,21/11/13  0:46:20,System ,D: 10/0,Zone 205 - ,System Zone  ,Loop 9 - Device  10    ,PM Task Restarted,16510,0,2058,                                                                              

135,10,21/11/13  0:47:17,System ,D: 10/0,Zone 205 - ,System Zone  ,Loop 9 - Device  10    ,PM Task Restarted,16510,0,2058,                                                                              

135,11,21/11/13  0:48:14,System ,D: 10/0,Zone 205 - ,System Zone  ,Loop 9 - Device  10    ,PM Task Restarted,16510,0,2058,                                                                              

135,12,21/11/13  0:49:11,System ,D: 10/0,Zone 205 - ,System Zone  ,Loop 9 - Device  10    ,PM Task Restarted,16510,0,2058,                                                                              

135,13,21/11/13  0:50:08,System ,D: 10/0,Zone 205 - ,System Zone  ,Loop 9 - Device  10    ,PM Task Restarted,16510,0,2058,                                                                              

135,14,21/11/13  0:51:05,System ,D: 10/0,Zone 205 - ,System Zone  ,Loop 9 - Device  10    ,PM Task Restarted,16510,0,2058,                                                                              

135,15,21/11/13  0:52:02,System ,D: 10/0,Zone 205 - ,System Zone  ,Loop 9 - Device  10    ,PM Task Restarted,16510,0,2058,                                                                              

135,16,21/11/13  0:52:59,System ,D: 10/0,Zone 205 - ,System Zone  ,Loop 9 - Device  10    ,PM Task Restarted,16510,0,2058,                                                                              

135,17,21/11/13  0:53:56,System ,D: 10/0,Zone 205 - ,System Zone  ,Loop 9 - Device  10    ,PM Task Restarted,16510,0,2058,                                                                              

135,18,21/11/13  0:54:53,System ,D: 10/0,Zone 205 - ,System Zone  ,Loop 9 - Device  10    ,PM Task Restarted,16510,0,2058,                                                                              

135,19,21/11/13  0:55:50,System ,D: 10/0,Zone 205 - ,System Zone  ,Loop 9 - Device  10    ,PM Task Restarted,16510,0,2058,                                                                              

135,20,21/11/13  0:56:47,System ,D: 10/0,Zone 205 - ,System Zone  ,Loop 9 - Device  10    ,PM Task Restarted,16510,0,2058,                                                                              

135,21,21/11/13  0:57:44,System ,D: 10/0,Zone 205 - ,System Zone  ,Loop 9 - Device  10    ,PM Task Restarted,16510,0,2058,                                                                              

135,22,21/11/13  0:58:40,System ,D: 10/0,Zone 205 - ,System Zone  ,Loop 9 - Device  10    ,PM Task Restarted,16510,0,2058,                                                                              

135,23,21/11/13  0:59:37,System ,D: 10/0,Zone 205 - ,System Zone  ,Loop 9 - Device  10    ,PM Task Restarted,16510,0,2058,                                                                              

135,24,21/11/13  1:00:34,System ,D: 10/0,Zone 205 - ,System Zone  ,Loop 9 - Device  10    ,PM Task Restarted,16510,0,2058,                                                                              

135,25,21/11/13  1:01:32,System ,D: 10/0,Zone 205 - ,System Zone  ,Loop 9 - Device  10    ,PM Task Restarted,16510,0,2058,                                                                              

135,26,21/11/13  1:02:29,System ,D: 10/0,Zone 205 - ,System Zone  ,Loop 9 - Device  10    ,PM Task Restarted,16510,0,2058,                                                                              

135,27,21/11/13  1:03:26,System ,D: 10/0,Zone 205 - ,System Zone  ,Loop 9 - Device  10    ,PM Task Restarted,16510,0,2058,                                                                              

135,28,21/11/13  1:04:23,System ,D: 10/0,Zone 205 - ,System Zone  ,Loop 9 - Device  10    ,PM Task Restarted,16510,0,2058,                                                                              

135,29,21/11/13  1:05:20,System ,D: 10/0,Zone 205 - ,System Zone  ,Loop 9 - Device  10    ,PM Task Restarted,16510,0,2058,                                                                              

135,30,21/11/13  1:06:17,System ,D: 10/0,Zone 205 - ,System Zone  ,Loop 9 - Device  10    ,PM Task Restarted,16510,0,2058,                                                                              

135,31,21/11/13  1:07:14,System ,D: 10/0,Zone 205 - ,System Zone  ,Loop 9 - Device  10    ,PM Task Restarted,16510,0,2058,                                                                              

135,32,21/11/13  1:08:11,System ,D: 10/0,Zone 205 - ,System Zone  ,Loop 9 - Device  10    ,PM Task Restarted,16510,0,2058,                                                                              

135,33,21/11/13  1:09:07,System ,D: 10/0,Zone 205 - ,System Zone  ,Loop 9 - Device  10    ,PM Task Restarted,16510,0,2058,                                                                              

135,34,21/11/13  1:10:04,System ,D: 10/0,Zone 205 - ,System Zone  ,Loop 9 - Device  10    ,PM Task Restarted,16510,0,2058,                                                                              

135,35,21/11/13  1:11:01,System ,D: 10/0,Zone 205 - ,System Zone  ,Loop 9 - Device  10    ,PM Task Restarted,16510,0,2058,                                                                              

135,36,21/11/13  1:11:58,System ,D: 10/0,Zone 205 - ,System Zone  ,Loop 9 - Device  10    ,PM Task Restarted,16510,0,2058,                                                                              

135,37,21/11/13  1:12:55,System ,D: 10/0,Zone 205 - ,System Zone  ,Loop 9 - Device  10    ,PM Task Restarted,16510,0,2058,                                                                              

135,38,21/11/13  1:13:52,System ,D: 10/0,Zone 205 - ,System Zone  ,Loop 9 - Device  10    ,PM Task Restarted,16510,0,2058,                                                                              

135,39,21/11/13  1:14:49,System ,D: 10/0,Zone 205 - ,System Zone  ,Loop 9 - Device  10    ,PM Task Restarted,16510,0,2058,                                                                              

135,40,21/11/13  1:15:46,System ,D: 10/0,Zone 205 - ,System Zone  ,Loop 9 - Device  10    ,PM Task Restarted,16510,0,2058,                                                                              

135,41,21/11/13  1:16:43,System ,D: 10/0,Zone 205 - ,System Zone  ,Loop 9 - Device  10    ,PM Task Restarted,16510,0,2058,                                                                              

135,42,21/11/13  1:17:40,System ,D: 10/0,Zone 205 - ,System Zone  ,Loop 9 - Device  10    ,PM Task Restarted,16510,0,2058,                                                                              

135,43,21/11/13  1:18:37,System ,D: 10/0,Zone 205 - ,System Zone  ,Loop 9 - Device  10    ,PM Task Restarted,16510,0,2058,                                                                              

135,44,21/11/13  1:19:34,System ,D: 10/0,Zone 205 - ,System Zone  ,Loop 9 - Device  10    ,PM Task Restarted,16510,0,2058,                                                                              

135,45,21/11/13  1:20:31,System ,D: 10/0,Zone 205 - ,System Zone  ,Loop 9 - Device  10    ,PM Task Restarted,16510,0,2058,                                                                              

135,46,21/11/13  1:21:28,System ,D: 10/0,Zone 205 - ,System Zone  ,Loop 9 - Device  10    ,PM Task Restarted,16510,0,2058,                                                                              

135,47,21/11/13  1:22:25,System ,D: 10/0,Zone 205 - ,System Zone  ,Loop 9 - Device  10    ,PM Task Restarted,16510,0,2058,                                                                              

135,48,21/11/13  1:23:22,System ,D: 10/0,Zone 205 - ,System Zone  ,Loop 9 - Device  10    ,PM Task Restarted,16510,0,2058,                                                                              

135,49,21/11/13  1:24:19,System ,D: 10/0,Zone 205 - ,System Zone  ,Loop 9 - Device  10    ,PM Task Restarted,16510,0,2058,                                                                              

135,50,21/11/13  1:25:16,System ,D: 10/0,Zone 205 - ,System Zone  ,Loop 9 - Device  10    ,PM Task Restarted,16510,0,2058,                                                                              

135,51,21/11/13  1:26:13,System ,D: 10/0,Zone 205 - ,System Zone  ,Loop 9 - Device  10    ,PM Task Restarted,16510,0,2058,                                                                              

135,52,21/11/13  1:27:10,System ,D: 10/0,Zone 205 - ,System Zone  ,Loop 9 - Device  10    ,PM Task Restarted,16510,0,2058,                                                                              

135,53,21/11/13  1:28:07,System ,D: 10/0,Zone 205 - ,System Zone  ,Loop 9 - Device  10    ,PM Task Restarted,16510,0,2058,                                                                              

135,54,21/11/13  1:29:04,System ,D: 10/0,Zone 205 - ,System Zone  ,Loop 9 - Device  10    ,PM Task Restarted,16510,0,2058,                                                                              

135,55,21/11/13  1:30:01,System ,D: 10/0,Zone 205 - ,System Zone  ,Loop 9 - Device  10    ,PM Task Restarted,16510,0,2058,                                                                              

135,56,21/11/13  1:30:58,System ,D: 10/0,Zone 205 - ,System Zone  ,Loop 9 - Device  10    ,PM Task Restarted,16510,0,2058,                                                                              

135,57,21/11/13  1:31:55,System ,D: 10/0,Zone 205 - ,System Zone  ,Loop 9 - Device  10    ,PM Task Restarted,16510,0,2058,                                                                              

135,58,21/11/13  1:32:52,System ,D: 10/0,Zone 205 - ,System Zone  ,Loop 9 - Device  10    ,PM Task Restarted,16510,0,2058,                                                                              

135,59,21/11/13  1:33:49,System ,D: 10/0,Zone 205 - ,System Zone  ,Loop 9 - Device  10    ,PM Task Restarted,16510,0,2058,                                                                              

135,60,21/11/13  1:34:46,System ,D: 10/0,Zone 205 - ,System Zone  ,Loop 9 - Device  10    ,PM Task Restarted,16510,0,2058,                                                                              

135,61,21/11/13  1:35:43,System ,D: 10/0,Zone 205 - ,System Zone  ,Loop 9 - Device  10    ,PM Task Restarted,16510,0,2058,                                                                              

135,62,21/11/13  1:36:40,System ,D: 10/0,Zone 205 - ,System Zone  ,Loop 9 - Device  10    ,PM Task Restarted,16510,0,2058,                                                                              

135,63,21/11/13  1:37:37,System ,D: 10/0,Zone 205 - ,System Zone  ,Loop 9 - Device  10    ,PM Task Restarted,16510,0,2058,                                                                              

135,64,21/11/13  1:38:34,System ,D: 10/0,Zone 205 - ,System Zone  ,Loop 9 - Device  10    ,PM Task Restarted,16510,0,2058,                                                                              

135,65,21/11/13  1:39:31,System ,D: 10/0,Zone 205 - ,System Zone  ,Loop 9 - Device  10    ,PM Task Restarted,16510,0,2058,                                                                              

135,66,21/11/13  1:40:28,System ,D: 10/0,Zone 205 - ,System Zone  ,Loop 9 - Device  10    ,PM Task Restarted,16510,0,2058,                                                                              

135,67,21/11/13  1:41:25,System ,D: 10/0,Zone 205 - ,System Zone  ,Loop 9 - Device  10    ,PM Task Restarted,16510,0,2058,                                                                              

135,68,21/11/13  1:42:22,System ,D: 10/0,Zone 205 - ,System Zone  ,Loop 9 - Device  10    ,PM Task Restarted,16510,0,2058,                                                                              

135,69,21/11/13  1:43:19,System ,D: 10/0,Zone 205 - ,System Zone  ,Loop 9 - Device  10    ,PM Task Restarted,16510,0,2058,                                                                              

135,70,21/11/13  1:44:16,System ,D: 10/0,Zone 205 - ,System Zone  ,Loop 9 - Device  10    ,PM Task Restarted,16510,0,2058,                                                                              

135,71,21/11/13  1:45:13,System ,D: 10/0,Zone 205 - ,System Zone  ,Loop 9 - Device  10    ,PM Task Restarted,16510,0,2058,                                                                              

135,72,21/11/13  1:46:10,System ,D: 10/0,Zone 205 - ,System Zone  ,Loop 9 - Device  10    ,PM Task Restarted,16510,0,2058,                                                                              

135,73,21/11/13  1:47:07,System ,D: 10/0,Zone 205 - ,System Zone  ,Loop 9 - Device  10    ,PM Task Restarted,16510,0,2058,                                                                              

135,74,21/11/13  1:48:04,System ,D: 10/0,Zone 205 - ,System Zone  ,Loop 9 - Device  10    ,PM Task Restarted,16510,0,2058,                                                                              

135,75,21/11/13  1:49:01,System ,D: 10/0,Zone 205 - ,System Zone  ,Loop 9 - Device  10    ,PM Task Restarted,16510,0,2058,                                                                              

135,76,21/11/13  1:49:58,System ,D: 10/0,Zone 205 - ,System Zone  ,Loop 9 - Device  10    ,PM Task Restarted,16510,0,2058,                                                                              

135,77,21/11/13  1:50:55,System ,D: 10/0,Zone 205 - ,System Zone  ,Loop 9 - Device  10    ,PM Task Restarted,16510,0,2058,                                                                              

135,78,21/11/13  1:51:52,System ,D: 10/0,Zone 205 - ,System Zone  ,Loop 9 - Device  10    ,PM Task Restarted,16510,0,2058,                                                                              

135,79,21/11/13  1:52:49,System ,D: 10/0,Zone 205 - ,System Zone  ,Loop 9 - Device  10    ,PM Task Restarted,16510,0,2058,                                                                              

135,80,21/11/13  1:53:46,System ,D: 10/0,Zone 205 - ,System Zone  ,Loop 9 - Device  10    ,PM Task Restarted,16510,0,2058,                                                                              

135,81,21/11/13  1:54:43,System ,D: 10/0,Zone 205 - ,System Zone  ,Loop 9 - Device  10    ,PM Task Restarted,16510,0,2058,                                                                              

135,82,21/11/13  1:55:40,System ,D: 10/0,Zone 205 - ,System Zone  ,Loop 9 - Device  10    ,PM Task Restarted,16510,0,2058,                                                                              

135,83,21/11/13  1:56:37,System ,D: 10/0,Zone 205 - ,System Zone  ,Loop 9 - Device  10    ,PM Task Restarted,16510,0,2058,                                                                              

135,84,21/11/13  1:57:34,System ,D: 10/0,Zone 205 - ,System Zone  ,Loop 9 - Device  10    ,PM Task Restarted,16510,0,2058,                                                                              

135,85,21/11/13  1:58:31,System ,D: 10/0,Zone 205 - ,System Zone  ,Loop 9 - Device  10    ,PM Task Restarted,16510,0,2058,                                                                              

135,86,21/11/13  1:59:28,System ,D: 10/0,Zone 205 - ,System Zone  ,Loop 9 - Device  10    ,PM Task Restarted,16510,0,2058,                                                                              

135,87,21/11/13  2:00:25,System ,D: 10/0,Zone 205 - ,System Zone  ,Loop 9 - Device  10    ,PM Task Restarted,16510,0,2058,                                                                              

135,88,21/11/13  2:01:22,System ,D: 10/0,Zone 205 - ,System Zone  ,Loop 9 - Device  10    ,PM Task Restarted,16510,0,2058,                                                                              

135,89,21/11/13  2:02:19,System ,D: 10/0,Zone 205 - ,System Zone  ,Loop 9 - Device  10    ,PM Task Restarted,16510,0,2058,                                                                              

135,90,21/11/13  2:03:16,System ,D: 10/0,Zone 205 - ,System Zone  ,Loop 9 - Device  10    ,PM Task Restarted,16510,0,2058,                                                                              

135,91,21/11/13  2:04:13,System ,D: 10/0,Zone 205 - ,System Zone  ,Loop 9 - Device  10    ,PM Task Restarted,16510,0,2058,                                                                              

135,92,21/11/13  2:05:10,System ,D: 10/0,Zone 205 - ,System Zone  ,Loop 9 - Device  10    ,PM Task Restarted,16510,0,2058,                                                                              

135,93,21/11/13  2:06:07,System ,D: 10/0,Zone 205 - ,System Zone  ,Loop 9 - Device  10    ,PM Task Restarted,16510,0,2058,                                                                              

135,94,21/11/13  2:07:04,System ,D: 10/0,Zone 205 - ,System Zone  ,Loop 9 - Device  10    ,PM Task Restarted,16510,0,2058,                                                                              

135,95,21/11/13  2:08:01,System ,D: 10/0,Zone 205 - ,System Zone  ,Loop 9 - Device  10    ,PM Task Restarted,16510,0,2058,                                                                              

135,96,21/11/13  2:08:58,System ,D: 10/0,Zone 205 - ,System Zone  ,Loop 9 - Device  10    ,PM Task Restarted,16510,0,2058,                                                                              

135,97,21/11/13  2:09:55,System ,D: 10/0,Zone 205 - ,System Zone  ,Loop 9 - Device  10    ,PM Task Restarted,16510,0,2058,                                                                              

135,98,21/11/13  2:10:52,System ,D: 10/0,Zone 205 - ,System Zone  ,Loop 9 - Device  10    ,PM Task Restarted,16510,0,2058,                                                                              

135,99,21/11/13  2:11:49,System ,D: 10/0,Zone 205 - ,System Zone  ,Loop 9 - Device  10    ,PM Task Restarted,16510,0,2058,                                                                              

135,100,21/11/13  2:12:46,System ,D: 10/0,Zone 205 - ,System Zone  ,Loop 9 - Device  10    ,PM Task Restarted,16510,0,2058,                                                                              

135,101,21/11/13  2:13:43,System ,D: 10/0,Zone 205 - ,System Zone  ,Loop 9 - Device  10    ,PM Task Restarted,16510,0,2058,                                                                              

135,102,21/11/13  2:14:40,System ,D: 10/0,Zone 205 - ,System Zone  ,Loop 9 - Device  10    ,PM Task Restarted,16510,0,2058,                                                                              

135,103,21/11/13  2:15:37,System ,D: 10/0,Zone 205 - ,System Zone  ,Loop 9 - Device  10    ,PM Task Restarted,16510,0,2058,                                                                              

135,104,21/11/13  2:16:34,System ,D: 10/0,Zone 205 - ,System Zone  ,Loop 9 - Device  10    ,PM Task Restarted,16510,0,2058,                                                                              

135,105,21/11/13  2:17:31,System ,D: 10/0,Zone 205 - ,System Zone  ,Loop 9 - Device  10    ,PM Task Restarted,16510,0,2058,                                                                              

135,106,21/11/13  2:18:28,System ,D: 10/0,Zone 205 - ,System Zone  ,Loop 9 - Device  10    ,PM Task Restarted,16510,0,2058,                                                                              

135,107,21/11/13  2:19:25,System ,D: 10/0,Zone 205 - ,System Zone  ,Loop 9 - Device  10    ,PM Task Restarted,16510,0,2058,                                                                              

135,108,21/11/13  2:20:22,System ,D: 10/0,Zone 205 - ,System Zone  ,Loop 9 - Device  10    ,PM Task Restarted,16510,0,2058,                                                                              

135,109,21/11/13  2:21:19,System ,D: 10/0,Zone 205 - ,System Zone  ,Loop 9 - Device  10    ,PM Task Restarted,16510,0,2058,                                                                              

135,110,21/11/13  2:22:16,System ,D: 10/0,Zone 205 - ,System Zone  ,Loop 9 - Device  10    ,PM Task Restarted,16510,0,2058,                                                                              

135,111,21/11/13  2:23:13,System ,D: 10/0,Zone 205 - ,System Zone  ,Loop 9 - Device  10    ,PM Task Restarted,16510,0,2058,                                                                              

135,112,21/11/13  2:24:10,System ,D: 10/0,Zone 205 - ,System Zone  ,Loop 9 - Device  10    ,PM Task Restarted,16510,0,2058,                                                                              

135,113,21/11/13  2:25:07,System ,D: 10/0,Zone 205 - ,System Zone  ,Loop 9 - Device  10    ,PM Task Restarted,16510,0,2058,                                                                              

135,114,21/11/13  2:26:04,System ,D: 10/0,Zone 205 - ,System Zone  ,Loop 9 - Device  10    ,PM Task Restarted,16510,0,2058,                                                                              

135,115,21/11/13  2:27:01,System ,D: 10/0,Zone 205 - ,System Zone  ,Loop 9 - Device  10    ,PM Task Restarted,16510,0,2058,                                                                              

135,116,21/11/13  2:27:58,System ,D: 10/0,Zone 205 - ,System Zone  ,Loop 9 - Device  10    ,PM Task Restarted,16510,0,2058,                                                                              

135,117,21/11/13  2:28:55,System ,D: 10/0,Zone 205 - ,System Zone  ,Loop 9 - Device  10    ,PM Task Restarted,16510,0,2058,                                                                              

135,118,21/11/13  2:29:52,System ,D: 10/0,Zone 205 - ,System Zone  ,Loop 9 - Device  10    ,PM Task Restarted,16510,0,2058,                                                                              

135,119,21/11/13  2:30:49,System ,D: 10/0,Zone 205 - ,System Zone  ,Loop 9 - Device  10    ,PM Task Restarted,16510,0,2058,                                                                              

135,120,21/11/13  2:31:46,System ,D: 10/0,Zone 205 - ,System Zone  ,Loop 9 - Device  10    ,PM Task Restarted,16510,0,2058,                                                                              

135,121,21/11/13  2:32:43,System ,D: 10/0,Zone 205 - ,System Zone  ,Loop 9 - Device  10    ,PM Task Restarted,16510,0,2058,                                                                              

135,122,21/11/13  2:33:40,System ,D: 10/0,Zone 205 - ,System Zone  ,Loop 9 - Device  10    ,PM Task Restarted,16510,0,2058,                                                                              

135,123,21/11/13  2:34:37,System ,D: 10/0,Zone 205 - ,System Zone  ,Loop 9 - Device  10    ,PM Task Restarted,16510,0,2058,                                                                              

135,124,21/11/13  2:35:34,System ,D: 10/0,Zone 205 - ,System Zone  ,Loop 9 - Device  10    ,PM Task Restarted,16510,0,2058,                                                                              

135,125,21/11/13  2:36:31,System ,D: 10/0,Zone 205 - ,System Zone  ,Loop 9 - Device  10    ,PM Task Restarted,16510,0,2058,                                                                              

135,126,21/11/13  2:37:28,System ,D: 10/0,Zone 205 - ,System Zone  ,Loop 9 - Device  10    ,PM Task Restarted,16510,0,2058,                                                                              

135,127,21/11/13  2:38:25,System ,D: 10/0,Zone 205 - ,System Zone  ,Loop 9 - Device  10    ,PM Task Restarted,16510,0,2058,                                                                              

135,128,21/11/13  2:39:22,System ,D: 10/0,Zone 205 - ,System Zone  ,Loop 9 - Device  10    ,PM Task Restarted,16510,0,2058,                                                                              

135,129,21/11/13  2:40:19,System ,D: 10/0,Zone 205 - ,System Zone  ,Loop 9 - Device  10    ,PM Task Restarted,16510,0,2058,                                                                              

135,130,21/11/13  2:41:15,System ,D: 10/0,Zone 205 - ,System Zone  ,Loop 9 - Device  10    ,PM Task Restarted,16510,0,2058,                                                                              

135,131,21/11/13  2:42:13,System ,D: 10/0,Zone 205 - ,System Zone  ,Loop 9 - Device  10    ,PM Task Restarted,16510,0,2058,                                                                              

135,132,21/11/13  2:43:09,System ,D: 10/0,Zone 205 - ,System Zone  ,Loop 9 - Device  10    ,PM Task Restarted,16510,0,2058,                                                                              

135,133,21/11/13  2:44:06,System ,D: 10/0,Zone 205 - ,System Zone  ,Loop 9 - Device  10    ,PM Task Restarted,16510,0,2058,                                                                              

135,134,21/11/13  2:45:03,System ,D: 10/0,Zone 205 - ,System Zone  ,Loop 9 - Device  10    ,PM Task Restarted,16510,0,2058,                                                                              

135,135,21/11/13  2:46:00,System ,D: 10/0,Zone 205 - ,System Zone  ,Loop 9 - Device  10    ,PM Task Restarted,16510,0,2058,                                                                              

135,136,21/11/13  2:46:57,System ,D: 10/0,Zone 205 - ,System Zone  ,Loop 9 - Device  10    ,PM Task Restarted,16510,0,2058,                                                                              

135,137,21/11/13  2:47:54,System ,D: 10/0,Zone 205 - ,System Zone  ,Loop 9 - Device  10    ,PM Task Restarted,16510,0,2058,                                                                              

135,138,21/11/13  2:48:51,System ,D: 10/0,Zone 205 - ,System Zone  ,Loop 9 - Device  10    ,PM Task Restarted,16510,0,2058,                                                                              

135,139,21/11/13  2:49:48,System ,D: 10/0,Zone 205 - ,System Zone  ,Loop 9 - Device  10    ,PM Task Restarted,16510,0,2058,                                                                              

135,140,21/11/13  2:50:22,L:1    ,D: 48/0,Zone  21 - ,SOUTH 1ST FLR,SPONSORS LOUNGE        ,MISSING ,16386,0,65584,                                                                                      

135,141,21/11/13  2:50:30,L:1    ,D: 48/0,Zone  21 - ,SOUTH 1ST FLR,SPONSORS LOUNGE        ,OK ,16391,0,65584,                                                                                           

135,142,21/11/13  2:50:46,System ,D: 10/0,Zone 205 - ,System Zone  ,Loop 9 - Device  10    ,PM Task Restarted,16510,0,2058,                                                                              

135,143,21/11/13  2:51:43,System ,D: 10/0,Zone 205 - ,System Zone  ,Loop 9 - Device  10    ,PM Task Restarted,16510,0,2058,                                                                              

135,144,21/11/13  2:52:40,System ,D: 10/0,Zone 205 - ,System Zone  ,Loop 9 - Device  10    ,PM Task Restarted,16510,0,2058,                                                                              

135,145,21/11/13  2:53:37,System ,D: 10/0,Zone 205 - ,System Zone  ,Loop 9 - Device  10    ,PM Task Restarted,16510,0,2058,                                                                              

135,146,21/11/13  2:54:34,System ,D: 10/0,Zone 205 - ,System Zone  ,Loop 9 - Device  10    ,PM Task Restarted,16510,0,2058,                                                                              

135,147,21/11/13  2:55:16,L:2    ,D: 50/0,Zone  19 - ,SOUTH 1ST FLR,CLUB OFFICE VOID       ,MISSING ,16386,0,65842,                                                                                      

135,148,21/11/13  2:55:26,L:2    ,D: 50/0,Zone  19 - ,SOUTH 1ST FLR,CLUB OFFICE VOID       ,OK ,16391,0,65842,                                                                                           

135,149,21/11/13  2:55:31,System ,D: 10/0,Zone 205 - ,System Zone  ,Loop 9 - Device  10    ,PM Task Restarted,16510,0,2058,                                                                              

135,150,21/11/13  2:56:28,System ,D: 10/0,Zone 205 - ,System Zone  ,Loop 9 - Device  10    ,PM Task Restarted,16510,0,2058,                                                                              

135,151,21/11/13  2:57:01,L:2    ,D: 48/0,Zone  19 - ,SOUTH 1ST FLR,CORRIDOR BY CLUB OFFICE,MISSING ,16386,0,65840,                                                                                      

135,152,21/11/13  2:57:12,L:2    ,D: 48/0,Zone  19 - ,SOUTH 1ST FLR,CORRIDOR BY CLUB OFFICE,OK ,16391,0,65840,                                                                                           

135,153,21/11/13  2:57:25,System ,D: 10/0,Zone 205 - ,System Zone  ,Loop 9 - Device  10    ,PM Task Restarted,16510,0,2058,                                                                              

135,154,21/11/13  2:58:04,L:2    ,D: 52/0,Zone  19 - ,SOUTH 1ST FLR,CLUB OFFICES           ,MISSING ,16386,0,65844,                                                                                      

135,155,21/11/13  2:58:22,System ,D: 10/0,Zone 205 - ,System Zone  ,Loop 9 - Device  10    ,PM Task Restarted,16510,0,2058,                                                                              

135,156,21/11/13  2:58:22,L:2    ,D: 52/0,Zone  19 - ,SOUTH 1ST FLR,CLUB OFFICES           ,OK ,16391,0,65844,                                                                                           

135,157,21/11/13  2:59:19,System ,D: 10/0,Zone 205 - ,System Zone  ,Loop 9 - Device  10    ,PM Task Restarted,16510,0,2058,                                                                              

135,158,21/11/13  3:00:16,System ,D: 10/0,Zone 205 - ,System Zone  ,Loop 9 - Device  10    ,PM Task Restarted,16510,0,2058,                                                                              

135,159,21/11/13  3:01:13,System ,D: 10/0,Zone 205 - ,System Zone  ,Loop 9 - Device  10    ,PM Task Restarted,16510,0,2058,                                                                              

135,160,21/11/13  3:02:10,System ,D: 10/0,Zone 205 - ,System Zone  ,Loop 9 - Device  10    ,PM Task Restarted,16510,0,2058,                                                                              

135,161,21/11/13  3:03:07,System ,D: 10/0,Zone 205 - ,System Zone  ,Loop 9 - Device  10    ,PM Task Restarted,16510,0,2058,                                                                              

135,162,21/11/13  3:04:04,System ,D: 10/0,Zone 205 - ,System Zone  ,Loop 9 - Device  10    ,PM Task Restarted,16510,0,2058,                                                                              

135,163,21/11/13  3:05:01,System ,D: 10/0,Zone 205 - ,System Zone  ,Loop 9 - Device  10    ,PM Task Restarted,16510,0,2058,                                                                              

135,164,21/11/13  3:05:58,System ,D: 10/0,Zone 205 - ,System Zone  ,Loop 9 - Device  10    ,PM Task Restarted,16510,0,2058,                                                                              

135,165,21/11/13  3:06:55,System ,D: 10/0,Zone 205 - ,System Zone  ,Loop 9 - Device  10    ,PM Task Restarted,16510,0,2058,                                                                              

135,166,21/11/13  3:07:52,System ,D: 10/0,Zone 205 - ,System Zone  ,Loop 9 - Device  10    ,PM Task Restarted,16510,0,2058,                                                                              

135,167,21/11/13  3:08:49,System ,D: 10/0,Zone 205 - ,System Zone  ,Loop 9 - Device  10    ,PM Task Restarted,16510,0,2058,                                                                              

135,168,21/11/13  3:09:46,System ,D: 10/0,Zone 205 - ,System Zone  ,Loop 9 - Device  10    ,PM Task Restarted,16510,0,2058,                                                                              

135,169,21/11/13  3:10:43,System ,D: 10/0,Zone 205 - ,System Zone  ,Loop 9 - Device  10    ,PM Task Restarted,16510,0,2058,                                                                              

135,170,21/11/13  3:11:40,System ,D: 10/0,Zone 205 - ,System Zone  ,Loop 9 - Device  10    ,PM Task Restarted,16510,0,2058,                                                                              

135,171,21/11/13  3:12:37,System ,D: 10/0,Zone 205 - ,System Zone  ,Loop 9 - Device  10    ,PM Task Restarted,16510,0,2058,                                                                              

135,172,21/11/13  3:13:34,System ,D: 10/0,Zone 205 - ,System Zone  ,Loop 9 - Device  10    ,PM Task Restarted,16510,0,2058,                                                                              

135,173,21/11/13  3:14:31,System ,D: 10/0,Zone 205 - ,System Zone  ,Loop 9 - Device  10    ,PM Task Restarted,16510,0,2058,                                                                              

135,174,21/11/13  3:15:28,System ,D: 10/0,Zone 205 - ,System Zone  ,Loop 9 - Device  10    ,PM Task Restarted,16510,0,2058,                                                                              

135,175,21/11/13  3:16:25,System ,D: 10/0,Zone 205 - ,System Zone  ,Loop 9 - Device  10    ,PM Task Restarted,16510,0,2058,                                                                              

135,176,21/11/13  3:17:22,System ,D: 10/0,Zone 205 - ,System Zone  ,Loop 9 - Device  10    ,PM Task Restarted,16510,0,2058,                                                                              

135,177,21/11/13  3:18:19,System ,D: 10/0,Zone 205 - ,System Zone  ,Loop 9 - Device  10    ,PM Task Restarted,16510,0,2058,                                                                              

135,178,21/11/13  3:19:16,System ,D: 10/0,Zone 205 - ,System Zone  ,Loop 9 - Device  10    ,PM Task Restarted,16510,0,2058,                                                                              

135,179,21/11/13  3:20:12,System ,D: 10/0,Zone 205 - ,System Zone  ,Loop 9 - Device  10    ,PM Task Restarted,16510,0,2058,                                                                              

135,180,21/11/13  3:21:10,System ,D: 10/0,Zone 205 - ,System Zone  ,Loop 9 - Device  10    ,PM Task Restarted,16510,0,2058,                                                                              

135,181,21/11/13  3:22:07,System ,D: 10/0,Zone 205 - ,System Zone  ,Loop 9 - Device  10    ,PM Task Restarted,16510,0,2058,                                                                              

135,182,21/11/13  3:23:04,System ,D: 10/0,Zone 205 - ,System Zone  ,Loop 9 - Device  10    ,PM Task Restarted,16510,0,2058,                                                                              

135,183,21/11/13  3:24:01,System ,D: 10/0,Zone 205 - ,System Zone  ,Loop 9 - Device  10    ,PM Task Restarted,16510,0,2058,                                                                              

135,184,21/11/13  3:24:58,System ,D: 10/0,Zone 205 - ,System Zone  ,Loop 9 - Device  10    ,PM Task Restarted,16510,0,2058,                                                                              

135,185,21/11/13  3:25:55,System ,D: 10/0,Zone 205 - ,System Zone  ,Loop 9 - Device  10    ,PM Task Restarted,16510,0,2058,                                                                              

135,186,21/11/13  3:26:51,System ,D: 10/0,Zone 205 - ,System Zone  ,Loop 9 - Device  10    ,PM Task Restarted,16510,0,2058,                                                                              

135,187,21/11/13  3:27:48,System ,D: 10/0,Zone 205 - ,System Zone  ,Loop 9 - Device  10    ,PM Task Restarted,16510,0,2058,                                                                              

135,188,21/11/13  3:28:45,System ,D: 10/0,Zone 205 - ,System Zone  ,Loop 9 - Device  10    ,PM Task Restarted,16510,0,2058,                                                                              

135,189,21/11/13  3:29:42,System ,D: 10/0,Zone 205 - ,System Zone  ,Loop 9 - Device  10    ,PM Task Restarted,16510,0,2058,                                                                              

135,190,21/11/13  3:30:39,System ,D: 10/0,Zone 205 - ,System Zone  ,Loop 9 - Device  10    ,PM Task Restarted,16510,0,2058,                                                                              

135,191,21/11/13  3:31:36,System ,D: 10/0,Zone 205 - ,System Zone  ,Loop 9 - Device  10    ,PM Task Restarted,16510,0,2058,                                                                              

135,192,21/11/13  3:32:34,System ,D: 10/0,Zone 205 - ,System Zone  ,Loop 9 - Device  10    ,PM Task Restarted,16510,0,2058,                                                                              

135,193,21/11/13  3:33:31,System ,D: 10/0,Zone 205 - ,System Zone  ,Loop 9 - Device  10    ,PM Task Restarted,16510,0,2058,                                                                              

135,194,21/11/13  3:34:28,System ,D: 10/0,Zone 205 - ,System Zone  ,Loop 9 - Device  10    ,PM Task Restarted,16510,0,2058,                                                                              

135,195,21/11/13  3:35:25,System ,D: 10/0,Zone 205 - ,System Zone  ,Loop 9 - Device  10    ,PM Task Restarted,16510,0,2058,                                                                              

135,196,21/11/13  3:36:22,System ,D: 10/0,Zone 205 - ,System Zone  ,Loop 9 - Device  10    ,PM Task Restarted,16510,0,2058,                                                                              

135,197,21/11/13  3:37:19,System ,D: 10/0,Zone 205 - ,System Zone  ,Loop 9 - Device  10    ,PM Task Restarted,16510,0,2058,                                                                              

135,198,21/11/13  3:38:16,System ,D: 10/0,Zone 205 - ,System Zone  ,Loop 9 - Device  10    ,PM Task Restarted,16510,0,2058,                                                                              

135,199,21/11/13  3:39:13,System ,D: 10/0,Zone 205 - ,System Zone  ,Loop 9 - Device  10    ,PM Task Restarted,16510,0,2058,                                                                              

135,200,21/11/13  3:40:09,System ,D: 10/0,Zone 205 - ,System Zone  ,Loop 9 - Device  10    ,PM Task Restarted,16510,0,2058,                                                                              

135,201,21/11/13  3:41:06,System ,D: 10/0,Zone 205 - ,System Zone  ,Loop 9 - Device  10    ,PM Task Restarted,16510,0,2058,                                                                              

135,202,21/11/13  3:42:03,System ,D: 10/0,Zone 205 - ,System Zone  ,Loop 9 - Device  10    ,PM Task Restarted,16510,0,2058,                                                                              

135,203,21/11/13  3:42:07,L:2    ,D: 48/0,Zone  19 - ,SOUTH 1ST FLR,CORRIDOR BY CLUB OFFICE,MISSING ,16386,0,65840,                                                                                      

135,204,21/11/13  3:42:17,L:2    ,D: 48/0,Zone  19 - ,SOUTH 1ST FLR,CORRIDOR BY CLUB OFFICE,OK ,16391,0,65840,                                                                                           

135,205,21/11/13  3:43:00,System ,D: 10/0,Zone 205 - ,System Zone  ,Loop 9 - Device  10    ,PM Task Restarted,16510,0,2058,                                                                              

135,206,21/11/13  3:43:57,System ,D: 10/0,Zone 205 - ,System Zone  ,Loop 9 - Device  10    ,PM Task Restarted,16510,0,2058,                                                                              

135,207,21/11/13  3:44:54,System ,D: 10/0,Zone 205 - ,System Zone  ,Loop 9 - Device  10    ,PM Task Restarted,16510,0,2058,                                                                              

135,208,21/11/13  3:45:51,System ,D: 10/0,Zone 205 - ,System Zone  ,Loop 9 - Device  10    ,PM Task Restarted,16510,0,2058,                                                                              

135,209,21/11/13  3:46:48,System ,D: 10/0,Zone 205 - ,System Zone  ,Loop 9 - Device  10    ,PM Task Restarted,16510,0,2058,                                                                              

135,210,21/11/13  3:47:45,System ,D: 10/0,Zone 205 - ,System Zone  ,Loop 9 - Device  10    ,PM Task Restarted,16510,0,2058,                                                                              

135,211,21/11/13  3:48:42,System ,D: 10/0,Zone 205 - ,System Zone  ,Loop 9 - Device  10    ,PM Task Restarted,16510,0,2058,                                                                              

135,212,21/11/13  3:49:39,System ,D: 10/0,Zone 205 - ,System Zone  ,Loop 9 - Device  10    ,PM Task Restarted,16510,0,2058,                                                                              

135,213,21/11/13  3:50:36,System ,D: 10/0,Zone 205 - ,System Zone  ,Loop 9 - Device  10    ,PM Task Restarted,16510,0,2058,                                                                              

135,214,21/11/13  3:51:52,System ,D: 10/0,Zone 205 - ,System Zone  ,Loop 9 - Device  10    ,PM Task Restarted,16510,0,2058,                                                                              

135,215,21/11/13  3:52:49,System ,D: 10/0,Zone 205 - ,System Zone  ,Loop 9 - Device  10    ,PM Task Restarted,16510,0,2058,                                                                              

135,216,21/11/13  3:53:46,System ,D: 10/0,Zone 205 - ,System Zone  ,Loop 9 - Device  10    ,PM Task Restarted,16510,0,2058,                                                                              

135,217,21/11/13  3:54:43,System ,D: 10/0,Zone 205 - ,System Zone  ,Loop 9 - Device  10    ,PM Task Restarted,16510,0,2058,                                                                              

135,218,21/11/13  3:55:40,System ,D: 10/0,Zone 205 - ,System Zone  ,Loop 9 - Device  10    ,PM Task Restarted,16510,0,2058,                                                                              

135,219,21/11/13  3:56:37,System ,D: 10/0,Zone 205 - ,System Zone  ,Loop 9 - Device  10    ,PM Task Restarted,16510,0,2058,                                                                              

135,220,21/11/13  3:57:34,System ,D: 10/0,Zone 205 - ,System Zone  ,Loop 9 - Device  10    ,PM Task Restarted,16510,0,2058,                                                                              

135,221,21/11/13  3:58:31,System ,D: 10/0,Zone 205 - ,System Zone  ,Loop 9 - Device  10    ,PM Task Restarted,16510,0,2058,                                                                              

135,222,21/11/13  3:59:28,System ,D: 10/0,Zone 205 - ,System Zone  ,Loop 9 - Device  10    ,PM Task Restarted,16510,0,2058,                                                                              

135,223,21/11/13  4:00:24,System ,D: 10/0,Zone 205 - ,System Zone  ,Loop 9 - Device  10    ,PM Task Restarted,16510,0,2058,                                                                              

135,224,21/11/13  4:01:21,System ,D: 10/0,Zone 205 - ,System Zone  ,Loop 9 - Device  10    ,PM Task Restarted,16510,0,2058,                                                                              

135,225,21/11/13  4:02:18,System ,D: 10/0,Zone 205 - ,System Zone  ,Loop 9 - Device  10    ,PM Task Restarted,16510,0,2058,                                                                              

135,226,21/11/13  4:03:15,System ,D: 10/0,Zone 205 - ,System Zone  ,Loop 9 - Device  10    ,PM Task Restarted,16510,0,2058,                                                                              

135,227,21/11/13  4:04:12,System ,D: 10/0,Zone 205 - ,System Zone  ,Loop 9 - Device  10    ,PM Task Restarted,16510,0,2058,                                                                              

135,228,21/11/13  4:05:09,System ,D: 10/0,Zone 205 - ,System Zone  ,Loop 9 - Device  10    ,PM Task Restarted,16510,0,2058,                                                                              

135,229,21/11/13  4:06:06,System ,D: 10/0,Zone 205 - ,System Zone  ,Loop 9 - Device  10    ,PM Task Restarted,16510,0,2058,                                                                              

135,230,21/11/13  4:07:03,System ,D: 10/0,Zone 205 - ,System Zone  ,Loop 9 - Device  10    ,PM Task Restarted,16510,0,2058,                                                                              

135,231,21/11/13  4:08:00,System ,D: 10/0,Zone 205 - ,System Zone  ,Loop 9 - Device  10    ,PM Task Restarted,16510,0,2058,                                                                              

135,232,21/11/13  4:08:57,System ,D: 10/0,Zone 205 - ,System Zone  ,Loop 9 - Device  10    ,PM Task Restarted,16510,0,2058,                                                                              

135,233,21/11/13  4:09:54,System ,D: 10/0,Zone 205 - ,System Zone  ,Loop 9 - Device  10    ,PM Task Restarted,16510,0,2058,                                                                              

135,234,21/11/13  4:10:51,System ,D: 10/0,Zone 205 - ,System Zone  ,Loop 9 - Device  10    ,PM Task Restarted,16510,0,2058,                                                                              

135,235,21/11/13  4:11:48,System ,D: 10/0,Zone 205 - ,System Zone  ,Loop 9 - Device  10    ,PM Task Restarted,16510,0,2058,                                                                              

135,236,21/11/13  4:12:45,System ,D: 10/0,Zone 205 - ,System Zone  ,Loop 9 - Device  10    ,PM Task Restarted,16510,0,2058,                                                                              

135,237,21/11/13  4:13:42,System ,D: 10/0,Zone 205 - ,System Zone  ,Loop 9 - Device  10    ,PM Task Restarted,16510,0,2058,                                                                              

135,238,21/11/13  4:14:39,System ,D: 10/0,Zone 205 - ,System Zone  ,Loop 9 - Device  10    ,PM Task Restarted,16510,0,2058,                                                                              

135,239,21/11/13  4:15:36,System ,D: 10/0,Zone 205 - ,System Zone  ,Loop 9 - Device  10    ,PM Task Restarted,16510,0,2058,                                                                              

135,240,21/11/13  4:16:33,System ,D: 10/0,Zone 205 - ,System Zone  ,Loop 9 - Device  10    ,PM Task Restarted,16510,0,2058,                                                                              

135,241,21/11/13  4:17:30,System ,D: 10/0,Zone 205 - ,System Zone  ,Loop 9 - Device  10    ,PM Task Restarted,16510,0,2058,                                                                              

135,242,21/11/13  4:18:27,System ,D: 10/0,Zone 205 - ,System Zone  ,Loop 9 - Device  10    ,PM Task Restarted,16510,0,2058,                                                                              

135,243,21/11/13  4:19:24,System ,D: 10/0,Zone 205 - ,System Zone  ,Loop 9 - Device  10    ,PM Task Restarted,16510,0,2058,                                                                              

135,244,21/11/13  4:20:21,System ,D: 10/0,Zone 205 - ,System Zone  ,Loop 9 - Device  10    ,PM Task Restarted,16510,0,2058,                                                                              

135,245,21/11/13  4:21:18,System ,D: 10/0,Zone 205 - ,System Zone  ,Loop 9 - Device  10    ,PM Task Restarted,16510,0,2058,                                                                              

135,246,21/11/13  4:22:15,System ,D: 10/0,Zone 205 - ,System Zone  ,Loop 9 - Device  10    ,PM Task Restarted,16510,0,2058,                                                                              

135,247,21/11/13  4:23:12,System ,D: 10/0,Zone 205 - ,System Zone  ,Loop 9 - Device  10    ,PM Task Restarted,16510,0,2058,                                                                              

135,248,21/11/13  4:24:09,System ,D: 10/0,Zone 205 - ,System Zone  ,Loop 9 - Device  10    ,PM Task Restarted,16510,0,2058,                                                                              

135,249,21/11/13  4:25:06,System ,D: 10/0,Zone 205 - ,System Zone  ,Loop 9 - Device  10    ,PM Task Restarted,16510,0,2058,                                                                              

135,250,21/11/13  4:26:03,System ,D: 10/0,Zone 205 - ,System Zone  ,Loop 9 - Device  10    ,PM Task Restarted,16510,0,2058,                                                                              

135,251,21/11/13  4:27:00,System ,D: 10/0,Zone 205 - ,System Zone  ,Loop 9 - Device  10    ,PM Task Restarted,16510,0,2058,                                                                              

135,252,21/11/13  4:27:57,System ,D: 10/0,Zone 205 - ,System Zone  ,Loop 9 - Device  10    ,PM Task Restarted,16510,0,2058,                                                                              

135,253,21/11/13  4:28:54,System ,D: 10/0,Zone 205 - ,System Zone  ,Loop 9 - Device  10    ,PM Task Restarted,16510,0,2058,                                                                              

135,254,21/11/13  4:29:51,System ,D: 10/0,Zone 205 - ,System Zone  ,Loop 9 - Device  10    ,PM Task Restarted,16510,0,2058,                                                                              

135,255,21/11/13  4:30:48,System ,D: 10/0,Zone 205 - ,System Zone  ,Loop 9 - Device  10    ,PM Task Restarted,16510,0,2058,                                                                              

135,256,21/11/13  4:31:45,System ,D: 10/0,Zone 205 - ,System Zone  ,Loop 9 - Device  10    ,PM Task Restarted,16510,0,2058,                                                                              

135,257,21/11/13  4:32:42,System ,D: 10/0,Zone 205 - ,System Zone  ,Loop 9 - Device  10    ,PM Task Restarted,16510,0,2058,                                                                              

135,258,21/11/13  4:33:39,System ,D: 10/0,Zone 205 - ,System Zone  ,Loop 9 - Device  10    ,PM Task Restarted,16510,0,2058,                                                                              

135,259,21/11/13  4:34:36,System ,D: 10/0,Zone 205 - ,System Zone  ,Loop 9 - Device  10    ,PM Task Restarted,16510,0,2058,                                                                              

135,260,21/11/13  4:35:33,System ,D: 10/0,Zone 205 - ,System Zone  ,Loop 9 - Device  10    ,PM Task Restarted,16510,0,2058,                                                                              

135,261,21/11/13  4:36:30,System ,D: 10/0,Zone 205 - ,System Zone  ,Loop 9 - Device  10    ,PM Task Restarted,16510,0,2058,                                                                              

135,262,21/11/13  4:37:27,System ,D: 10/0,Zone 205 - ,System Zone  ,Loop 9 - Device  10    ,PM Task Restarted,16510,0,2058,                                                                              

135,263,21/11/13  4:38:24,System ,D: 10/0,Zone 205 - ,System Zone  ,Loop 9 - Device  10    ,PM Task Restarted,16510,0,2058,                                                                              

135,264,21/11/13  4:39:21,System ,D: 10/0,Zone 205 - ,System Zone  ,Loop 9 - Device  10    ,PM Task Restarted,16510,0,2058,                                                                              

135,265,21/11/13  4:40:18,System ,D: 10/0,Zone 205 - ,System Zone  ,Loop 9 - Device  10    ,PM Task Restarted,16510,0,2058,                                                                              

135,266,21/11/13  4:41:15,System ,D: 10/0,Zone 205 - ,System Zone  ,Loop 9 - Device  10    ,PM Task Restarted,16510,0,2058,                                                                              

135,267,21/11/13  4:42:12,System ,D: 10/0,Zone 205 - ,System Zone  ,Loop 9 - Device  10    ,PM Task Restarted,16510,0,2058,                                                                              

135,268,21/11/13  4:43:09,System ,D: 10/0,Zone 205 - ,System Zone  ,Loop 9 - Device  10    ,PM Task Restarted,16510,0,2058,                                                                              

135,269,21/11/13  4:44:06,System ,D: 10/0,Zone 205 - ,System Zone  ,Loop 9 - Device  10    ,PM Task Restarted,16510,0,2058,                                                                              

135,270,21/11/13  4:45:03,System ,D: 10/0,Zone 205 - ,System Zone  ,Loop 9 - Device  10    ,PM Task Restarted,16510,0,2058,                                                                              

135,271,21/11/13  4:46:00,System ,D: 10/0,Zone 205 - ,System Zone  ,Loop 9 - Device  10    ,PM Task Restarted,16510,0,2058,                                                                              

135,272,21/11/13  4:46:57,System ,D: 10/0,Zone 205 - ,System Zone  ,Loop 9 - Device  10    ,PM Task Restarted,16510,0,2058,                                                                              

135,273,21/11/13  4:47:54,System ,D: 10/0,Zone 205 - ,System Zone  ,Loop 9 - Device  10    ,PM Task Restarted,16510,0,2058,                                                                              

135,274,21/11/13  4:48:51,System ,D: 10/0,Zone 205 - ,System Zone  ,Loop 9 - Device  10    ,PM Task Restarted,16510,0,2058,                                                                              

135,275,21/11/13  4:49:48,System ,D: 10/0,Zone 205 - ,System Zone  ,Loop 9 - Device  10    ,PM Task Restarted,16510,0,2058,                                                                              

135,276,21/11/13  4:50:45,System ,D: 10/0,Zone 205 - ,System Zone  ,Loop 9 - Device  10    ,PM Task Restarted,16510,0,2058,                                                                              

135,277,21/11/13  4:51:42,System ,D: 10/0,Zone 205 - ,System Zone  ,Loop 9 - Device  10    ,PM Task Restarted,16510,0,2058,                                                                              

135,278,21/11/13  4:52:39,System ,D: 10/0,Zone 205 - ,System Zone  ,Loop 9 - Device  10    ,PM Task Restarted,16510,0,2058,                                                                              

135,279,21/11/13  4:53:36,System ,D: 10/0,Zone 205 - ,System Zone  ,Loop 9 - Device  10    ,PM Task Restarted,16510,0,2058,                                                                              

135,280,21/11/13  4:54:33,System ,D: 10/0,Zone 205 - ,System Zone  ,Loop 9 - Device  10    ,PM Task Restarted,16510,0,2058,                                                                              

135,281,21/11/13  4:55:30,System ,D: 10/0,Zone 205 - ,System Zone  ,Loop 9 - Device  10    ,PM Task Restarted,16510,0,2058,                                                                              

135,282,21/11/13  4:56:27,System ,D: 10/0,Zone 205 - ,System Zone  ,Loop 9 - Device  10    ,PM Task Restarted,16510,0,2058,                                                                              

135,283,21/11/13  4:57:24,System ,D: 10/0,Zone 205 - ,System Zone  ,Loop 9 - Device  10    ,PM Task Restarted,16510,0,2058,                                                                              

135,284,21/11/13  4:58:21,System ,D: 10/0,Zone 205 - ,System Zone  ,Loop 9 - Device  10    ,PM Task Restarted,16510,0,2058,                                                                              

135,285,21/11/13  4:59:18,System ,D: 10/0,Zone 205 - ,System Zone  ,Loop 9 - Device  10    ,PM Task Restarted,16510,0,2058,                                                                              

135,286,21/11/13  5:00:15,System ,D: 10/0,Zone 205 - ,System Zone  ,Loop 9 - Device  10    ,PM Task Restarted,16510,0,2058,                                                                              

135,287,21/11/13  5:01:12,System ,D: 10/0,Zone 205 - ,System Zone  ,Loop 9 - Device  10    ,PM Task Restarted,16510,0,2058,                                                                              

135,288,21/11/13  5:03:00,System ,D: 10/0,Zone 205 - ,System Zone  ,Loop 9 - Device  10    ,PM Task Restarted,16510,0,2058,                                                                              

135,289,21/11/13  5:03:57,System ,D: 10/0,Zone 205 - ,System Zone  ,Loop 9 - Device  10    ,PM Task Restarted,16510,0,2058,                                                                              

135,290,21/11/13  5:04:54,System ,D: 10/0,Zone 205 - ,System Zone  ,Loop 9 - Device  10    ,PM Task Restarted,16510,0,2058,                                                                              

135,291,21/11/13  5:06:39,System ,D: 10/0,Zone 205 - ,System Zone  ,Loop 9 - Device  10    ,PM Task Restarted,16510,0,2058,                                                                              

135,292,21/11/13  5:07:36,System ,D: 10/0,Zone 205 - ,System Zone  ,Loop 9 - Device  10    ,PM Task Restarted,16510,0,2058,                                                                              

135,293,21/11/13  5:08:33,System ,D: 10/0,Zone 205 - ,System Zone  ,Loop 9 - Device  10    ,PM Task Restarted,16510,0,2058,                                                                              

135,294,21/11/13  5:09:30,System ,D: 10/0,Zone 205 - ,System Zone  ,Loop 9 - Device  10    ,PM Task Restarted,16510,0,2058,                                                                              

135,295,21/11/13  5:10:27,System ,D: 10/0,Zone 205 - ,System Zone  ,Loop 9 - Device  10    ,PM Task Restarted,16510,0,2058,                                                                              

135,296,21/11/13  5:11:24,System ,D: 10/0,Zone 205 - ,System Zone  ,Loop 9 - Device  10    ,PM Task Restarted,16510,0,2058,                                                                              

135,297,21/11/13  5:12:21,System ,D: 10/0,Zone 205 - ,System Zone  ,Loop 9 - Device  10    ,PM Task Restarted,16510,0,2058,                                                                              

135,298,21/11/13  5:13:18,System ,D: 10/0,Zone 205 - ,System Zone  ,Loop 9 - Device  10    ,PM Task Restarted,16510,0,2058,                                                                              

135,299,21/11/13  5:14:15,System ,D: 10/0,Zone 205 - ,System Zone  ,Loop 9 - Device  10    ,PM Task Restarted,16510,0,2058,                                                                              

135,300,21/11/13  5:15:12,System ,D: 10/0,Zone 205 - ,System Zone  ,Loop 9 - Device  10    ,PM Task Restarted,16510,0,2058,                                                                              

135,301,21/11/13  5:16:09,System ,D: 10/0,Zone 205 - ,System Zone  ,Loop 9 - Device  10    ,PM Task Restarted,16510,0,2058,                                                                              

135,302,21/11/13  5:17:06,System ,D: 10/0,Zone 205 - ,System Zone  ,Loop 9 - Device  10    ,PM Task Restarted,16510,0,2058,                                                                              

135,303,21/11/13  5:18:03,System ,D: 10/0,Zone 205 - ,System Zone  ,Loop 9 - Device  10    ,PM Task Restarted,16510,0,2058,                                                                              

135,304,21/11/13  5:19:00,System ,D: 10/0,Zone 205 - ,System Zone  ,Loop 9 - Device  10    ,PM Task Restarted,16510,0,2058,                                                                              

135,305,21/11/13  5:19:57,System ,D: 10/0,Zone 205 - ,System Zone  ,Loop 9 - Device  10    ,PM Task Restarted,16510,0,2058,                                                                              

135,306,21/11/13  5:20:54,System ,D: 10/0,Zone 205 - ,System Zone  ,Loop 9 - Device  10    ,PM Task Restarted,16510,0,2058,                                                                              

135,307,21/11/13  5:21:51,System ,D: 10/0,Zone 205 - ,System Zone  ,Loop 9 - Device  10    ,PM Task Restarted,16510,0,2058,                                                                              

135,308,21/11/13  5:22:48,System ,D: 10/0,Zone 205 - ,System Zone  ,Loop 9 - Device  10    ,PM Task Restarted,16510,0,2058,                                                                              

135,309,21/11/13  5:23:45,System ,D: 10/0,Zone 205 - ,System Zone  ,Loop 9 - Device  10    ,PM Task Restarted,16510,0,2058,                                                                              

135,310,21/11/13  5:24:42,System ,D: 10/0,Zone 205 - ,System Zone  ,Loop 9 - Device  10    ,PM Task Restarted,16510,0,2058,                                                                              

135,311,21/11/13  5:25:39,System ,D: 10/0,Zone 205 - ,System Zone  ,Loop 9 - Device  10    ,PM Task Restarted,16510,0,2058,                                                                              

135,312,21/11/13  5:26:36,System ,D: 10/0,Zone 205 - ,System Zone  ,Loop 9 - Device  10    ,PM Task Restarted,16510,0,2058,                                                                              

135,313,21/11/13  5:27:33,System ,D: 10/0,Zone 205 - ,System Zone  ,Loop 9 - Device  10    ,PM Task Restarted,16510,0,2058,                                                                              

135,314,21/11/13  5:28:30,System ,D: 10/0,Zone 205 - ,System Zone  ,Loop 9 - Device  10    ,PM Task Restarted,16510,0,2058,                                                                              

135,315,21/11/13  5:29:27,System ,D: 10/0,Zone 205 - ,System Zone  ,Loop 9 - Device  10    ,PM Task Restarted,16510,0,2058,                                                                              

135,316,21/11/13  5:30:24,System ,D: 10/0,Zone 205 - ,System Zone  ,Loop 9 - Device  10    ,PM Task Restarted,16510,0,2058,                                                                              

135,317,21/11/13  5:31:21,System ,D: 10/0,Zone 205 - ,System Zone  ,Loop 9 - Device  10    ,PM Task Restarted,16510,0,2058,                                                                              

135,318,21/11/13  5:32:18,System ,D: 10/0,Zone 205 - ,System Zone  ,Loop 9 - Device  10    ,PM Task Restarted,16510,0,2058,                                                                              

135,319,21/11/13  5:33:15,System ,D: 10/0,Zone 205 - ,System Zone  ,Loop 9 - Device  10    ,PM Task Restarted,16510,0,2058,                                                                              

135,320,21/11/13  5:34:12,System ,D: 10/0,Zone 205 - ,System Zone  ,Loop 9 - Device  10    ,PM Task Restarted,16510,0,2058,                                                                              

135,321,21/11/13  5:35:09,System ,D: 10/0,Zone 205 - ,System Zone  ,Loop 9 - Device  10    ,PM Task Restarted,16510,0,2058,                                                                              

135,322,21/11/13  5:36:06,System ,D: 10/0,Zone 205 - ,System Zone  ,Loop 9 - Device  10    ,PM Task Restarted,16510,0,2058,                                                                              

135,323,21/11/13  5:37:03,System ,D: 10/0,Zone 205 - ,System Zone  ,Loop 9 - Device  10    ,PM Task Restarted,16510,0,2058,                                                                              

135,324,21/11/13  5:38:00,System ,D: 10/0,Zone 205 - ,System Zone  ,Loop 9 - Device  10    ,PM Task Restarted,16510,0,2058,                                                                              

135,325,21/11/13  5:38:57,System ,D: 10/0,Zone 205 - ,System Zone  ,Loop 9 - Device  10    ,PM Task Restarted,16510,0,2058,                                                                              

135,326,21/11/13  5:39:54,System ,D: 10/0,Zone 205 - ,System Zone  ,Loop 9 - Device  10    ,PM Task Restarted,16510,0,2058,                                                                              

135,327,21/11/13  5:40:51,System ,D: 10/0,Zone 205 - ,System Zone  ,Loop 9 - Device  10    ,PM Task Restarted,16510,0,2058,                                                                              

135,328,21/11/13  5:41:48,System ,D: 10/0,Zone 205 - ,System Zone  ,Loop 9 - Device  10    ,PM Task Restarted,16510,0,2058,                                                                              

135,329,21/11/13  5:42:45,System ,D: 10/0,Zone 205 - ,System Zone  ,Loop 9 - Device  10    ,PM Task Restarted,16510,0,2058,                                                                              

135,330,21/11/13  5:43:42,System ,D: 10/0,Zone 205 - ,System Zone  ,Loop 9 - Device  10    ,PM Task Restarted,16510,0,2058,                                                                              

135,331,21/11/13  5:44:39,System ,D: 10/0,Zone 205 - ,System Zone  ,Loop 9 - Device  10    ,PM Task Restarted,16510,0,2058,                                                                              

135,332,21/11/13  5:45:36,System ,D: 10/0,Zone 205 - ,System Zone  ,Loop 9 - Device  10    ,PM Task Restarted,16510,0,2058,                                                                              

135,333,21/11/13  5:46:33,System ,D: 10/0,Zone 205 - ,System Zone  ,Loop 9 - Device  10    ,PM Task Restarted,16510,0,2058,                                                                              

135,334,21/11/13  5:47:30,System ,D: 10/0,Zone 205 - ,System Zone  ,Loop 9 - Device  10    ,PM Task Restarted,16510,0,2058,                                                                              

135,335,21/11/13  5:48:27,System ,D: 10/0,Zone 205 - ,System Zone  ,Loop 9 - Device  10    ,PM Task Restarted,16510,0,2058,                                                                              

135,336,21/11/13  5:49:24,System ,D: 10/0,Zone 205 - ,System Zone  ,Loop 9 - Device  10    ,PM Task Restarted,16510,0,2058,                                                                              

135,337,21/11/13  5:50:21,System ,D: 10/0,Zone 205 - ,System Zone  ,Loop 9 - Device  10    ,PM Task Restarted,16510,0,2058,                                                                              

135,338,21/11/13  5:51:18,System ,D: 10/0,Zone 205 - ,System Zone  ,Loop 9 - Device  10    ,PM Task Restarted,16510,0,2058,                                                                              

135,339,21/11/13  5:52:15,System ,D: 10/0,Zone 205 - ,System Zone  ,Loop 9 - Device  10    ,PM Task Restarted,16510,0,2058,                                                                              

135,340,21/11/13  5:53:12,System ,D: 10/0,Zone 205 - ,System Zone  ,Loop 9 - Device  10    ,PM Task Restarted,16510,0,2058,                                                                              

135,341,21/11/13  5:54:09,System ,D: 10/0,Zone 205 - ,System Zone  ,Loop 9 - Device  10    ,PM Task Restarted,16510,0,2058,                                                                              

135,342,21/11/13  5:55:06,System ,D: 10/0,Zone 205 - ,System Zone  ,Loop 9 - Device  10    ,PM Task Restarted,16510,0,2058,                                                                              

135,343,21/11/13  5:56:03,System ,D: 10/0,Zone 205 - ,System Zone  ,Loop 9 - Device  10    ,PM Task Restarted,16510,0,2058,                                                                              

135,344,21/11/13  5:57:00,System ,D: 10/0,Zone 205 - ,System Zone  ,Loop 9 - Device  10    ,PM Task Restarted,16510,0,2058,                                                                              

135,345,21/11/13  5:57:57,System ,D: 10/0,Zone 205 - ,System Zone  ,Loop 9 - Device  10    ,PM Task Restarted,16510,0,2058,                                                                              

135,346,21/11/13  5:58:54,System ,D: 10/0,Zone 205 - ,System Zone  ,Loop 9 - Device  10    ,PM Task Restarted,16510,0,2058,                                                                              

135,347,21/11/13  5:59:51,System ,D: 10/0,Zone 205 - ,System Zone  ,Loop 9 - Device  10    ,PM Task Restarted,16510,0,2058,                                                                              

135,348,21/11/13  6:00:48,System ,D: 10/0,Zone 205 - ,System Zone  ,Loop 9 - Device  10    ,PM Task Restarted,16510,0,2058,                                                                              

135,349,21/11/13  6:01:45,System ,D: 10/0,Zone 205 - ,System Zone  ,Loop 9 - Device  10    ,PM Task Restarted,16510,0,2058,                                                                              

135,350,21/11/13  6:02:42,System ,D: 10/0,Zone 205 - ,System Zone  ,Loop 9 - Device  10    ,PM Task Restarted,16510,0,2058,                                                                              

135,351,21/11/13  6:03:39,System ,D: 10/0,Zone 205 - ,System Zone  ,Loop 9 - Device  10    ,PM Task Restarted,16510,0,2058,                                                                              

135,352,21/11/13  6:04:36,System ,D: 10/0,Zone 205 - ,System Zone  ,Loop 9 - Device  10    ,PM Task Restarted,16510,0,2058,                                                                              

135,353,21/11/13  6:05:33,System ,D: 10/0,Zone 205 - ,System Zone  ,Loop 9 - Device  10    ,PM Task Restarted,16510,0,2058,                                                                              

135,354,21/11/13  6:06:30,System ,D: 10/0,Zone 205 - ,System Zone  ,Loop 9 - Device  10    ,PM Task Restarted,16510,0,2058,                                                                              

135,355,21/11/13  6:07:27,System ,D: 10/0,Zone 205 - ,System Zone  ,Loop 9 - Device  10    ,PM Task Restarted,16510,0,2058,                                                                              

135,356,21/11/13  6:08:24,System ,D: 10/0,Zone 205 - ,System Zone  ,Loop 9 - Device  10    ,PM Task Restarted,16510,0,2058,                                                                              

135,357,21/11/13  6:09:21,System ,D: 10/0,Zone 205 - ,System Zone  ,Loop 9 - Device  10    ,PM Task Restarted,16510,0,2058,                                                                              

135,358,21/11/13  6:10:18,System ,D: 10/0,Zone 205 - ,System Zone  ,Loop 9 - Device  10    ,PM Task Restarted,16510,0,2058,                                                                              

135,359,21/11/13  6:11:15,System ,D: 10/0,Zone 205 - ,System Zone  ,Loop 9 - Device  10    ,PM Task Restarted,16510,0,2058,                                                                              

135,360,21/11/13  6:12:12,System ,D: 10/0,Zone 205 - ,System Zone  ,Loop 9 - Device  10    ,PM Task Restarted,16510,0,2058,                                                                              

135,361,21/11/13  6:13:09,System ,D: 10/0,Zone 205 - ,System Zone  ,Loop 9 - Device  10    ,PM Task Restarted,16510,0,2058,                                                                              

135,362,21/11/13  6:14:06,System ,D: 10/0,Zone 205 - ,System Zone  ,Loop 9 - Device  10    ,PM Task Restarted,16510,0,2058,                                                                              

135,363,21/11/13  6:15:03,System ,D: 10/0,Zone 205 - ,System Zone  ,Loop 9 - Device  10    ,PM Task Restarted,16510,0,2058,                                                                              

135,364,21/11/13  6:16:00,System ,D: 10/0,Zone 205 - ,System Zone  ,Loop 9 - Device  10    ,PM Task Restarted,16510,0,2058,                                                                              

135,365,21/11/13  6:16:57,System ,D: 10/0,Zone 205 - ,System Zone  ,Loop 9 - Device  10    ,PM Task Restarted,16510,0,2058,                                                                              

135,366,21/11/13  6:17:54,System ,D: 10/0,Zone 205 - ,System Zone  ,Loop 9 - Device  10    ,PM Task Restarted,16510,0,2058,                                                                              

135,367,21/11/13  6:18:51,System ,D: 10/0,Zone 205 - ,System Zone  ,Loop 9 - Device  10    ,PM Task Restarted,16510,0,2058,                                                                              

135,368,21/11/13  6:19:48,System ,D: 10/0,Zone 205 - ,System Zone  ,Loop 9 - Device  10    ,PM Task Restarted,16510,0,2058,                                                                              

135,369,21/11/13  6:20:45,System ,D: 10/0,Zone 205 - ,System Zone  ,Loop 9 - Device  10    ,PM Task Restarted,16510,0,2058,                                                                              

135,370,21/11/13  6:21:42,System ,D: 10/0,Zone 205 - ,System Zone  ,Loop 9 - Device  10    ,PM Task Restarted,16510,0,2058,                                                                              

135,371,21/11/13  6:22:39,System ,D: 10/0,Zone 205 - ,System Zone  ,Loop 9 - Device  10    ,PM Task Restarted,16510,0,2058,                                                                              

135,372,21/11/13  6:23:36,System ,D: 10/0,Zone 205 - ,System Zone  ,Loop 9 - Device  10    ,PM Task Restarted,16510,0,2058,                                                                              

135,373,21/11/13  6:24:33,System ,D: 10/0,Zone 205 - ,System Zone  ,Loop 9 - Device  10    ,PM Task Restarted,16510,0,2058,                                                                              

135,374,21/11/13  6:25:30,System ,D: 10/0,Zone 205 - ,System Zone  ,Loop 9 - Device  10    ,PM Task Restarted,16510,0,2058,                                                                              

135,375,21/11/13  6:26:26,System ,D: 10/0,Zone 205 - ,System Zone  ,Loop 9 - Device  10    ,PM Task Restarted,16510,0,2058,                                                                              

135,376,21/11/13  6:27:23,System ,D: 10/0,Zone 205 - ,System Zone  ,Loop 9 - Device  10    ,PM Task Restarted,16510,0,2058,                                                                              

135,377,21/11/13  6:28:20,System ,D: 10/0,Zone 205 - ,System Zone  ,Loop 9 - Device  10    ,PM Task Restarted,16510,0,2058,                                                                              

135,378,21/11/13  6:29:17,System ,D: 10/0,Zone 205 - ,System Zone  ,Loop 9 - Device  10    ,PM Task Restarted,16510,0,2058,                                                                              

135,379,21/11/13  6:30:14,System ,D: 10/0,Zone 205 - ,System Zone  ,Loop 9 - Device  10    ,PM Task Restarted,16510,0,2058,                                                                              

135,380,21/11/13  6:31:11,System ,D: 10/0,Zone 205 - ,System Zone  ,Loop 9 - Device  10    ,PM Task Restarted,16510,0,2058,                                                                              

135,381,21/11/13  6:32:08,System ,D: 10/0,Zone 205 - ,System Zone  ,Loop 9 - Device  10    ,PM Task Restarted,16510,0,2058,                                                                              

135,382,21/11/13  6:33:05,System ,D: 10/0,Zone 205 - ,System Zone  ,Loop 9 - Device  10    ,PM Task Restarted,16510,0,2058,                                                                              

135,383,21/11/13  6:34:02,System ,D: 10/0,Zone 205 - ,System Zone  ,Loop 9 - Device  10    ,PM Task Restarted,16510,0,2058,                                                                              

135,384,21/11/13  6:34:59,System ,D: 10/0,Zone 205 - ,System Zone  ,Loop 9 - Device  10    ,PM Task Restarted,16510,0,2058,                                                                              

135,385,21/11/13  6:35:56,System ,D: 10/0,Zone 205 - ,System Zone  ,Loop 9 - Device  10    ,PM Task Restarted,16510,0,2058,                                                                              

135,386,21/11/13  6:36:53,System ,D: 10/0,Zone 205 - ,System Zone  ,Loop 9 - Device  10    ,PM Task Restarted,16510,0,2058,                                                                              

135,387,21/11/13  6:37:50,System ,D: 10/0,Zone 205 - ,System Zone  ,Loop 9 - Device  10    ,PM Task Restarted,16510,0,2058,                                                                              

135,388,21/11/13  6:38:47,System ,D: 10/0,Zone 205 - ,System Zone  ,Loop 9 - Device  10    ,PM Task Restarted,16510,0,2058,                                                                              

135,389,21/11/13  6:39:44,System ,D: 10/0,Zone 205 - ,System Zone  ,Loop 9 - Device  10    ,PM Task Restarted,16510,0,2058,                                                                              

135,390,21/11/13  6:40:41,System ,D: 10/0,Zone 205 - ,System Zone  ,Loop 9 - Device  10    ,PM Task Restarted,16510,0,2058,                                                                              

135,391,21/11/13  6:41:38,System ,D: 10/0,Zone 205 - ,System Zone  ,Loop 9 - Device  10    ,PM Task Restarted,16510,0,2058,                                                                              

135,392,21/11/13  6:42:35,System ,D: 10/0,Zone 205 - ,System Zone  ,Loop 9 - Device  10    ,PM Task Restarted,16510,0,2058,                                                                              

135,393,21/11/13  6:43:32,System ,D: 10/0,Zone 205 - ,System Zone  ,Loop 9 - Device  10    ,PM Task Restarted,16510,0,2058,                                                                              

135,394,21/11/13  6:44:29,System ,D: 10/0,Zone 205 - ,System Zone  ,Loop 9 - Device  10    ,PM Task Restarted,16510,0,2058,                                                                              

135,395,21/11/13  6:45:26,System ,D: 10/0,Zone 205 - ,System Zone  ,Loop 9 - Device  10    ,PM Task Restarted,16510,0,2058,                                                                              

135,396,21/11/13  6:46:23,System ,D: 10/0,Zone 205 - ,System Zone  ,Loop 9 - Device  10    ,PM Task Restarted,16510,0,2058,                                                                              

135,397,21/11/13  6:46:57,L:2    ,D: 56/0,Zone  18 - ,SOUTH 1ST FLR,PLANT ROOM             ,MISSING ,16386,0,65848,                                                                                      

135,398,21/11/13  6:47:08,L:2    ,D: 56/0,Zone  18 - ,SOUTH 1ST FLR,PLANT ROOM             ,OK ,16391,0,65848,                                                                                           

135,399,21/11/13  6:47:20,System ,D: 10/0,Zone 205 - ,System Zone  ,Loop 9 - Device  10    ,PM Task Restarted,16510,0,2058,                                                                              

135,400,21/11/13  6:48:17,System ,D: 10/0,Zone 205 - ,System Zone  ,Loop 9 - Device  10    ,PM Task Restarted,16510,0,2058,                                                                              

135,401,21/11/13  6:49:15,System ,D: 10/0,Zone 205 - ,System Zone  ,Loop 9 - Device  10    ,PM Task Restarted,16510,0,2058,                                                                              

135,402,21/11/13  6:50:12,System ,D: 10/0,Zone 205 - ,System Zone  ,Loop 9 - Device  10    ,PM Task Restarted,16510,0,2058,                                                                              

135,403,21/11/13  6:51:08,System ,D: 10/0,Zone 205 - ,System Zone  ,Loop 9 - Device  10    ,PM Task Restarted,16510,0,2058,                                                                              

135,404,21/11/13  6:52:05,System ,D: 10/0,Zone 205 - ,System Zone  ,Loop 9 - Device  10    ,PM Task Restarted,16510,0,2058,                                                                              

135,405,21/11/13  6:53:02,System ,D: 10/0,Zone 205 - ,System Zone  ,Loop 9 - Device  10    ,PM Task Restarted,16510,0,2058,                                                                              

135,406,21/11/13  6:53:59,System ,D: 10/0,Zone 205 - ,System Zone  ,Loop 9 - Device  10    ,PM Task Restarted,16510,0,2058,                                                                              

135,407,21/11/13  6:54:56,System ,D: 10/0,Zone 205 - ,System Zone  ,Loop 9 - Device  10    ,PM Task Restarted,16510,0,2058,                                                                              

135,408,21/11/13  6:55:53,System ,D: 10/0,Zone 205 - ,System Zone  ,Loop 9 - Device  10    ,PM Task Restarted,16510,0,2058,                                                                              

135,409,21/11/13  6:56:50,System ,D: 10/0,Zone 205 - ,System Zone  ,Loop 9 - Device  10    ,PM Task Restarted,16510,0,2058,                                                                              

135,410,21/11/13  6:57:47,System ,D: 10/0,Zone 205 - ,System Zone  ,Loop 9 - Device  10    ,PM Task Restarted,16510,0,2058,                                                                              

135,411,21/11/13  6:58:44,System ,D: 10/0,Zone 205 - ,System Zone  ,Loop 9 - Device  10    ,PM Task Restarted,16510,0,2058,                                                                              

135,412,21/11/13  6:59:41,System ,D: 10/0,Zone 205 - ,System Zone  ,Loop 9 - Device  10    ,PM Task Restarted,16510,0,2058,                                                                              

135,413,21/11/13  7:00:38,System ,D: 10/0,Zone 205 - ,System Zone  ,Loop 9 - Device  10    ,PM Task Restarted,16510,0,2058,                                                                              

135,414,21/11/13  7:01:35,System ,D: 10/0,Zone 205 - ,System Zone  ,Loop 9 - Device  10    ,PM Task Restarted,16510,0,2058,                                                                              

135,415,21/11/13  7:02:32,System ,D: 10/0,Zone 205 - ,System Zone  ,Loop 9 - Device  10    ,PM Task Restarted,16510,0,2058,                                                                              

135,416,21/11/13  7:03:29,System ,D: 10/0,Zone 205 - ,System Zone  ,Loop 9 - Device  10    ,PM Task Restarted,16510,0,2058,                                                                              

135,417,21/11/13  7:04:26,System ,D: 10/0,Zone 205 - ,System Zone  ,Loop 9 - Device  10    ,PM Task Restarted,16510,0,2058,                                                                              

135,418,21/11/13  7:05:23,System ,D: 10/0,Zone 205 - ,System Zone  ,Loop 9 - Device  10    ,PM Task Restarted,16510,0,2058,                                                                              

135,419,21/11/13  7:06:20,System ,D: 10/0,Zone 205 - ,System Zone  ,Loop 9 - Device  10    ,PM Task Restarted,16510,0,2058,                                                                              

135,420,21/11/13  7:06:51,L:1    ,D: 48/0,Zone  21 - ,SOUTH 1ST FLR,SPONSORS LOUNGE        ,MISSING ,16386,0,65584,                                                                                      

135,421,21/11/13  7:06:58,L:1    ,D: 48/0,Zone  21 - ,SOUTH 1ST FLR,SPONSORS LOUNGE        ,OK ,16391,0,65584,                                                                                           

135,422,21/11/13  7:07:17,System ,D: 10/0,Zone 205 - ,System Zone  ,Loop 9 - Device  10    ,PM Task Restarted,16510,0,2058,                                                                              

135,423,21/11/13  7:08:14,System ,D: 10/0,Zone 205 - ,System Zone  ,Loop 9 - Device  10    ,PM Task Restarted,16510,0,2058,                                                                              

135,424,21/11/13  7:10:08,System ,D: 10/0,Zone 205 - ,System Zone  ,Loop 9 - Device  10    ,PM Task Restarted,16510,0,2058,                                                                              

135,425,21/11/13  7:11:05,System ,D: 10/0,Zone 205 - ,System Zone  ,Loop 9 - Device  10    ,PM Task Restarted,16510,0,2058,                                                                              

135,426,21/11/13  7:12:02,System ,D: 10/0,Zone 205 - ,System Zone  ,Loop 9 - Device  10    ,PM Task Restarted,16510,0,2058,                                                                              

135,427,21/11/13  7:12:59,System ,D: 10/0,Zone 205 - ,System Zone  ,Loop 9 - Device  10    ,PM Task Restarted,16510,0,2058,                                                                              

135,428,21/11/13  7:13:56,System ,D: 10/0,Zone 205 - ,System Zone  ,Loop 9 - Device  10    ,PM Task Restarted,16510,0,2058,                                                                              

135,429,21/11/13  7:14:53,System ,D: 10/0,Zone 205 - ,System Zone  ,Loop 9 - Device  10    ,PM Task Restarted,16510,0,2058,                                                                              

135,430,21/11/13  7:15:50,System ,D: 10/0,Zone 205 - ,System Zone  ,Loop 9 - Device  10    ,PM Task Restarted,16510,0,2058,                                                                              

135,431,21/11/13  7:16:47,System ,D: 10/0,Zone 205 - ,System Zone  ,Loop 9 - Device  10    ,PM Task Restarted,16510,0,2058,                                                                              

135,432,21/11/13  7:17:44,System ,D: 10/0,Zone 205 - ,System Zone  ,Loop 9 - Device  10    ,PM Task Restarted,16510,0,2058,                                                                              

135,433,21/11/13  7:18:41,System ,D: 10/0,Zone 205 - ,System Zone  ,Loop 9 - Device  10    ,PM Task Restarted,16510,0,2058,                                                                              

135,434,21/11/13  7:19:38,System ,D: 10/0,Zone 205 - ,System Zone  ,Loop 9 - Device  10    ,PM Task Restarted,16510,0,2058,                                                                              

135,435,21/11/13  7:20:35,System ,D: 10/0,Zone 205 - ,System Zone  ,Loop 9 - Device  10    ,PM Task Restarted,16510,0,2058,                                                                              

135,436,21/11/13  7:21:32,System ,D: 10/0,Zone 205 - ,System Zone  ,Loop 9 - Device  10    ,PM Task Restarted,16510,0,2058,                                                                              

135,437,21/11/13  7:22:29,System ,D: 10/0,Zone 205 - ,System Zone  ,Loop 9 - Device  10    ,PM Task Restarted,16510,0,2058,                                                                              

135,438,21/11/13  7:22:54,L:2    ,D: 49/0,Zone  19 - ,SOUTH 1ST FLR,CORR BY CLUB OFFICE VOID,MISSING ,16386,0,65841,                                                                                     

135,439,21/11/13  7:23:05,L:2    ,D: 49/0,Zone  19 - ,SOUTH 1ST FLR,CORR BY CLUB OFFICE VOID,OK ,16391,0,65841,                                                                                          

135,440,21/11/13  7:23:26,System ,D: 10/0,Zone 205 - ,System Zone  ,Loop 9 - Device  10    ,PM Task Restarted,16510,0,2058,                                                                              

135,441,21/11/13  7:24:23,System ,D: 10/0,Zone 205 - ,System Zone  ,Loop 9 - Device  10    ,PM Task Restarted,16510,0,2058,                                                                              

135,442,21/11/13  7:25:20,System ,D: 10/0,Zone 205 - ,System Zone  ,Loop 9 - Device  10    ,PM Task Restarted,16510,0,2058,                                                                              

135,443,21/11/13  7:26:18,System ,D: 10/0,Zone 205 - ,System Zone  ,Loop 9 - Device  10    ,PM Task Restarted,16510,0,2058,                                                                              

135,444,21/11/13  7:27:15,System ,D: 10/0,Zone 205 - ,System Zone  ,Loop 9 - Device  10    ,PM Task Restarted,16510,0,2058,                                                                              

135,445,21/11/13  7:28:12,System ,D: 10/0,Zone 205 - ,System Zone  ,Loop 9 - Device  10    ,PM Task Restarted,16510,0,2058,                                                                              

135,446,21/11/13  7:29:09,System ,D: 10/0,Zone 205 - ,System Zone  ,Loop 9 - Device  10    ,PM Task Restarted,16510,0,2058,                                                                              

135,447,21/11/13  7:30:06,System ,D: 10/0,Zone 205 - ,System Zone  ,Loop 9 - Device  10    ,PM Task Restarted,16510,0,2058,                                                                              

135,448,21/11/13  7:31:03,System ,D: 10/0,Zone 205 - ,System Zone  ,Loop 9 - Device  10    ,PM Task Restarted,16510,0,2058,                                                                              

135,449,21/11/13  7:31:59,System ,D: 10/0,Zone 205 - ,System Zone  ,Loop 9 - Device  10    ,PM Task Restarted,16510,0,2058,                                                                              

135,450,21/11/13  7:32:56,System ,D: 10/0,Zone 205 - ,System Zone  ,Loop 9 - Device  10    ,PM Task Restarted,16510,0,2058,                                                                              

135,451,21/11/13  7:33:53,System ,D: 10/0,Zone 205 - ,System Zone  ,Loop 9 - Device  10    ,PM Task Restarted,16510,0,2058,                                                                              

135,452,21/11/13  7:34:50,System ,D: 10/0,Zone 205 - ,System Zone  ,Loop 9 - Device  10    ,PM Task Restarted,16510,0,2058,                                                                              

135,453,21/11/13  7:35:47,System ,D: 10/0,Zone 205 - ,System Zone  ,Loop 9 - Device  10    ,PM Task Restarted,16510,0,2058,                                                                              

135,454,21/11/13  7:36:44,System ,D: 10/0,Zone 205 - ,System Zone  ,Loop 9 - Device  10    ,PM Task Restarted,16510,0,2058,                                                                              

135,455,21/11/13  7:37:41,System ,D: 10/0,Zone 205 - ,System Zone  ,Loop 9 - Device  10    ,PM Task Restarted,16510,0,2058,                                                                              

135,456,21/11/13  7:38:38,System ,D: 10/0,Zone 205 - ,System Zone  ,Loop 9 - Device  10    ,PM Task Restarted,16510,0,2058,                                                                              

135,457,21/11/13  7:39:35,System ,D: 10/0,Zone 205 - ,System Zone  ,Loop 9 - Device  10    ,PM Task Restarted,16510,0,2058,                                                                              

135,458,21/11/13  7:40:32,System ,D: 10/0,Zone 205 - ,System Zone  ,Loop 9 - Device  10    ,PM Task Restarted,16510,0,2058,                                                                              

135,459,21/11/13  7:41:29,System ,D: 10/0,Zone 205 - ,System Zone  ,Loop 9 - Device  10    ,PM Task Restarted,16510,0,2058,                                                                              

135,460,21/11/13  7:42:26,System ,D: 10/0,Zone 205 - ,System Zone  ,Loop 9 - Device  10    ,PM Task Restarted,16510,0,2058,                                                                              

135,461,21/11/13  7:43:00,System ,D: 10/0,Zone 205 - ,System Zone  ,Loop 9 - Device  10    ,POWER UP ,4147,0,2058,                                                                                       

135,462,21/11/13  8:36:10,System ,D: 10/0,Zone 205 - ,System Zone  ,Loop 9 - Device  10    ,PM Task Restarted,16510,0,2058,                                                                              

135,463,21/11/13  9:33:28,System ,D: 10/0,Zone 205 - ,System Zone  ,Loop 9 - Device  10    ,PM Task Restarted,16510,0,2058,                                                                              

135,464,21/11/13  9:48:30,System ,D: 10/0,Zone 205 - ,System Zone  ,Loop 9 - Device  10    ,PM Task Restarted,16510,0,2058,                                                                              

135,465,21/11/13  9:49:33,System ,D: 10/0,Zone 205 - ,System Zone  ,Loop 9 - Device  10    ,PM Task Restarted,16510,0,2058,                                                                              

135,466,21/11/13  9:51:25,System ,D: 10/0,Zone 205 - ,System Zone  ,Loop 9 - Device  10    ,PM Task Restarted,16510,0,2058,                                                                              

135,467,21/11/13  9:52:25,System ,D: 10/0,Zone 205 - ,System Zone  ,Loop 9 - Device  10    ,PM Task Restarted,16510,0,2058,                                                                              

135,468,21/11/13  9:53:24,System ,D: 10/0,Zone 205 - ,System Zone  ,Loop 9 - Device  10    ,PM Task Restarted,16510,0,2058,                                                                              

135,469,21/11/13  9:54:27,System ,D: 10/0,Zone 205 - ,System Zone  ,Loop 9 - Device  10    ,PM Task Restarted,16510,0,2058,                                                                              

135,470,21/11/13  9:55:30,System ,D: 10/0,Zone 205 - ,System Zone  ,Loop 9 - Device  10    ,PM Task Restarted,16510,0,2058,                                                                              

135,471,21/11/13  9:56:33,System ,D: 10/0,Zone 205 - ,System Zone  ,Loop 9 - Device  10    ,PM Task Restarted,16510,0,2058,                                                                              

135,472,21/11/13  9:57:36,System ,D: 10/0,Zone 205 - ,System Zone  ,Loop 9 - Device  10    ,PM Task Restarted,16510,0,2058,                                                                              

135,473,21/11/13  9:58:39,System ,D: 10/0,Zone 205 - ,System Zone  ,Loop 9 - Device  10    ,PM Task Restarted,16510,0,2058,                                                                              

135,474,21/11/13  9:59:42,System ,D: 10/0,Zone 205 - ,System Zone  ,Loop 9 - Device  10    ,PM Task Restarted,16510,0,2058,                                                                              

135,475,21/11/13 10:00:43,System ,D: 10/0,Zone 205 - ,System Zone  ,Loop 9 - Device  10    ,PM Task Restarted,16510,0,2058,                                                                              

135,476,21/11/13 11:38:06,System ,D: 10/0,Zone 205 - ,System Zone  ,Loop 9 - Device  10    ,PM Task Restarted,16510,0,2058,                                                                              

135,477,21/11/13 11:39:06,System ,D: 10/0,Zone 205 - ,System Zone  ,Loop 9 - Device  10    ,PM Task Restarted,16510,0,2058,                                                                              

135,478,21/11/13 11:40:06,System ,D: 10/0,Zone 205 - ,System Zone  ,Loop 9 - Device  10    ,PM Task Restarted,16510,0,2058,                                                                              

135,479,21/11/13 11:41:09,System ,D: 10/0,Zone 205 - ,System Zone  ,Loop 9 - Device  10    ,PM Task Restarted,16510,0,2058,                                                                              

135,480,21/11/13 11:42:10,System ,D: 10/0,Zone 205 - ,System Zone  ,Loop 9 - Device  10    ,PM Task Restarted,16510,0,2058,                                                                              

135,481,21/11/13 11:43:58,System ,D: 10/0,Zone 205 - ,System Zone  ,Loop 9 - Device  10    ,PM Task Restarted,16510,0,2058,                                                                              

135,482,21/11/13 11:44:56,System ,D: 10/0,Zone 205 - ,System Zone  ,Loop 9 - Device  10    ,PM Task Restarted,16510,0,2058,                                                                              

135,483,21/11/13 13:54:42,System ,D: 10/0,Zone 205 - ,System Zone  ,Loop 9 - Device  10    ,PM Task Restarted,16510,0,2058,                                                                              

135,484,21/11/13 13:55:45,System ,D: 10/0,Zone 205 - ,System Zone  ,Loop 9 - Device  10    ,PM Task Restarted,16510,0,2058,                                                                              

135,485,21/11/13 14:18:30,System ,D: 10/0,Zone 205 - ,System Zone  ,Loop 9 - Device  10    ,PM Task Restarted,16510,0,2058,                                                                              

135,486,21/11/13 14:19:31,System ,D: 10/0,Zone 205 - ,System Zone  ,Loop 9 - Device  10    ,PM Task Restarted,16510,0,2058,                                                                              

135,487,21/11/13 14:39:21,System ,D: 10/0,Zone 205 - ,System Zone  ,Loop 9 - Device  10    ,PM Task Restarted,16510,0,2058,                                                                              

135,488,21/11/13 14:40:21,System ,D: 10/0,Zone 205 - ,System Zone  ,Loop 9 - Device  10    ,PM Task Restarted,16510,0,2058,                                                                              

135,489,21/11/13 14:41:14,System ,D: 10/0,Zone 205 - ,System Zone  ,Loop 9 - Device  10    ,POWER UP ,4147,0,2058,                                                                                       

135,490,21/11/13 19:01:31,L:2    ,D: 44/0,Zone  19 - ,SOUTH 1ST FLR,FINANCE OFFICE 1       ,MISSING ,16386,0,65836,                                                                                      

135,491,21/11/13 19:01:45,L:2    ,D: 44/0,Zone  19 - ,SOUTH 1ST FLR,FINANCE OFFICE 1       ,OK ,16391,0,65836,                                                                                           

135,492,21/11/13 23:43:46,L:2    ,D: 49/0,Zone  19 - ,SOUTH 1ST FLR,CORR BY CLUB OFFICE VOID,MISSING ,16386,0,65841,                                                                                     

135,493,21/11/13 23:43:56,L:2    ,D: 49/0,Zone  19 - ,SOUTH 1ST FLR,CORR BY CLUB OFFICE VOID,OK ,16391,0,65841,                                                                                          

135,494,21/11/13 23:44:07,L:2    ,D: 56/0,Zone  18 - ,SOUTH 1ST FLR,PLANT ROOM             ,MISSING ,16386,0,65848,                                                                                      

135,495,21/11/13 23:44:16,L:2    ,D: 56/0,Zone  18 - ,SOUTH 1ST FLR,PLANT ROOM             ,OK ,16391,0,65848,                                                                                           

135,496,22/11/13  1:16:59,L:2    ,D: 44/0,Zone  19 - ,SOUTH 1ST FLR,FINANCE OFFICE 1       ,MISSING ,16386,0,65836,                                                                                      

135,497,22/11/13  1:17:09,L:2    ,D: 44/0,Zone  19 - ,SOUTH 1ST FLR,FINANCE OFFICE 1       ,OK ,16391,0,65836,                                                                                           

135,498,22/11/13  2:39:42,L:2    ,D: 44/0,Zone  19 - ,SOUTH 1ST FLR,FINANCE OFFICE 1       ,MISSING ,16386,0,65836,                                                                                      

135,499,22/11/13  2:39:51,L:2    ,D: 44/0,Zone  19 - ,SOUTH 1ST FLR,FINANCE OFFICE 1       ,OK ,16391,0,65836,                                                                                           

135,500,22/11/13  4:04:42,L:2    ,D: 48/0,Zone  19 - ,SOUTH 1ST FLR,CORRIDOR BY CLUB OFFICE,MISSING ,16386,0,65840,                                                                                      

135,501,22/11/13  4:04:59,L:2    ,D: 48/0,Zone  19 - ,SOUTH 1ST FLR,CORRIDOR BY CLUB OFFICE,OK ,16391,0,65840,                                                                                           

135,502,22/11/13  4:32:08,L:2    ,D: 56/0,Zone  18 - ,SOUTH 1ST FLR,PLANT ROOM             ,MISSING ,16386,0,65848,                                                                                      

135,503,22/11/13  4:32:42,L:2    ,D: 56/0,Zone  18 - ,SOUTH 1ST FLR,PLANT ROOM             ,OK ,16391,0,65848,                                                                                           

135,504,22/11/13  5:01:51,L:2    ,D: 49/0,Zone  19 - ,SOUTH 1ST FLR,CORR BY CLUB OFFICE VOID,MISSING ,16386,0,65841,                                                                                     

135,505,22/11/13  5:02:11,L:2    ,D: 49/0,Zone  19 - ,SOUTH 1ST FLR,CORR BY CLUB OFFICE VOID,OK ,16391,0,65841,                                                                                          

135,506,22/11/13  5:37:41,L:2    ,D: 48/0,Zone  19 - ,SOUTH 1ST FLR,CORRIDOR BY CLUB OFFICE,MISSING ,16386,0,65840,                                                                                      

135,507,22/11/13  5:37:58,L:2    ,D: 48/0,Zone  19 - ,SOUTH 1ST FLR,CORRIDOR BY CLUB OFFICE,OK ,16391,0,65840,                                                                                           

135,508,22/11/13  6:40:01,L:2    ,D: 48/0,Zone  19 - ,SOUTH 1ST FLR,CORRIDOR BY CLUB OFFICE,MISSING ,16386,0,65840,                                                                                      

135,509,22/11/13  6:40:52,L:2    ,D: 48/0,Zone  19 - ,SOUTH 1ST FLR,CORRIDOR BY CLUB OFFICE,OK ,16391,0,65840,                                                                                           

135,510,22/11/13  8:01:17,System ,D: 10/0,Zone 205 - ,System Zone  ,Loop 9 - Device  10    ,PM Task Restarted,16510,0,2058,                                                                              

135,511,22/11/13  8:02:20,System ,D: 10/0,Zone 205 - ,System Zone  ,Loop 9 - Device  10    ,PM Task Restarted,16510,0,2058,                                                                              

135,512,22/11/13  8:03:23,System ,D: 10/0,Zone 205 - ,System Zone  ,Loop 9 - Device  10    ,PM Task Restarted,16510,0,2058,                                                                              

135,513,22/11/13  8:04:22,System ,D: 10/0,Zone 205 - ,System Zone  ,Loop 9 - Device  10    ,PM Task Restarted,16510,0,2058,                                                                              

135,514,22/11/13  8:14:52,System ,D: 10/0,Zone 205 - ,System Zone  ,Loop 9 - Device  10    ,PM Task Restarted,16510,0,2058,                                                                              

135,515,22/11/13  8:15:49,System ,D: 10/0,Zone 205 - ,System Zone  ,Loop 9 - Device  10    ,PM Task Restarted,16510,0,2058,                                                                              

135,516,22/11/13  8:38:06,System ,D: 10/0,Zone 205 - ,System Zone  ,Loop 9 - Device  10    ,PM Task Restarted,16510,0,2058,                                                                              

135,517,22/11/13  8:39:08,System ,D: 10/0,Zone 205 - ,System Zone  ,Loop 9 - Device  10    ,PM Task Restarted,16510,0,2058,                                                                              

135,518,22/11/13  8:40:11,System ,D: 10/0,Zone 205 - ,System Zone  ,Loop 9 - Device  10    ,PM Task Restarted,16510,0,2058,                                                                              

135,519,22/11/13  8:41:14,System ,D: 10/0,Zone 205 - ,System Zone  ,Loop 9 - Device  10    ,PM Task Restarted,16510,0,2058,                                                                              

135,520,22/11/13  8:42:11,System ,D: 10/0,Zone 205 - ,System Zone  ,Loop 9 - Device  10    ,PM Task Restarted,16510,0,2058,                                                                              

135,521,22/11/13  8:46:59,L:2    ,D: 49/0,Zone  19 - ,SOUTH 1ST FLR,CORR BY CLUB OFFICE VOID,MISSING ,16386,0,65841,                                                                                     

135,522,22/11/13  8:47:08,L:2    ,D: 49/0,Zone  19 - ,SOUTH 1ST FLR,CORR BY CLUB OFFICE VOID,OK ,16391,0,65841,                                                                                          

135,523,22/11/13  9:36:27,L:3    ,D: 79/0,Zone   2 - ,SOUTH G FLOOR,Loop 3 - Device  79    ,MISSING ,16386,20,591,                                                                                       

135,524,22/11/13  9:36:27,L:3    ,D: 79/0,Zone   2 - ,SOUTH G FLOOR,Loop 3 - Device  79    ,OK ,16391,0,131663,                                                                                          

135,525,22/11/13  9:40:18,System ,D: 10/0,Zone 205 - ,System Zone  ,Loop 9 - Device  10    ,POWER UP ,4147,0,2058,                                                                                       

135,526,22/11/13  9:40:19,System ,D: 10/0,Zone 205 - ,System Zone  ,Loop 9 - Device  10    ,Mode Changed  :Non Match Day  ,4206,1,2058,                                                                  

135,527,22/11/13  9:40:23,A_Bus Pa,D:  3/0,Zone   1 - ,SOUTH  G FLOOR,Loop 10 - Device   3   ,MISSING ,16386,20,133379,                                                                                  

135,528,22/11/13  9:41:19,System ,D: 10/0,Zone 205 - ,System Zone  ,Loop 9 - Device  10    ,PM Task Restarted,16510,0,2058,                                                                              

135,529,22/11/13  9:42:16,System ,D: 10/0,Zone 205 - ,System Zone  ,Loop 9 - Device  10    ,PM Task Restarted,16510,0,2058,                                                                              

135,530,22/11/13  9:43:13,System ,D: 10/0,Zone 205 - ,System Zone  ,Loop 9 - Device  10    ,PM Task Restarted,16510,0,2058,                                                                              

135,531,22/11/13  9:43:39,System ,D: 10/0,Zone 205 - ,System Zone  ,Loop 9 - Device  10    ,POWER UP ,4147,0,2058,                                                                                       

135,532,22/11/13  9:44:15,L:1    ,D:  5/0,Zone   3 - ,WEST STAND   ,Loop 1 - Device   5    ,WRONG TYPE ,16388,23,131077,                                                                                 

135,533,22/11/13  9:47:24,L:2    ,D: 44/0,Zone  19 - ,SOUTH 1ST FLR,FINANCE OFFICE 1       ,MISSING ,16386,0,65836,                                                                                      

135,534,22/11/13  9:47:34,L:2    ,D: 44/0,Zone  19 - ,SOUTH 1ST FLR,FINANCE OFFICE 1       ,OK ,16391,0,65836,                                                                                           

135,535,22/11/13  9:59:02,System ,D: 10/0,Zone 205 - ,System Zone  ,Loop 9 - Device  10    ,POWER UP ,4147,0,2058,                                                                                       

135,536,22/11/13  9:59:02,System ,D: 10/0,Zone 205 - ,System Zone  ,Loop 9 - Device  10    ,Mode Changed  :Non Match Day  ,4206,1,2058,                                                                  

135,537,22/11/13  9:59:34,A_Bus Pa,D:  3/0,Zone   1 - ,SOUTH  G FLOOR,Loop 10 - Device   3   ,MISSING ,16386,20,133379,                                                                                  

135,538,22/11/13 10:08:20,Loop 4 ,D:  3/0,Zone  26 - ,SOUTH 2ND FLR,LIFT LOBBY BY STAIR 2  ,ALARM ,32769,0,66307,                                                                                        

135,539,22/11/13 10:08:21,--,--,Zone  26 - ,SOUTH 2ND FLR,,Zone in FIRE!,32867,0,0,                                                                                                                      

135,540,22/11/13 10:08:37,Loop 4 ,D:  3/0,Zone  26 - ,SOUTH 2ND FLR,LIFT LOBBY BY STAIR 2  ,OK ,49159,0,66307,                                                                                           

135,541,22/11/13 10:08:55,System ,D: 10/0,Zone 205 - ,System Zone  ,Loop 9 - Device  10    ,User Logged in - AL3 User,4223,4,2058,                                                                       

135,542,22/11/13 10:08:55,System ,D: 10/0,Zone 205 - ,System Zone  ,Loop 9 - Device  10    ,Panel Silenced ,4152,0,2058,                                                                                 

135,543,22/11/13 10:09:00,System ,D: 10/0,Zone 205 - ,System Zone  ,Loop 9 - Device  10    ,Panel Reset ,4151,0,2058,                                                                                    

135,544,22/11/13 10:09:01,A_Bus Pa,D:  1/0,Zone   1 - ,SOUTH  G FLOOR,Loop 11 - Device   1   ,FAULT ,16390,130,133633,                                                                                   

135,545,22/11/13 10:09:01,A_Bus Pa,D:  2/0,Zone   2 - ,SOUTH G FLOOR,Loop 11 - Device   2   ,FAULT ,16390,130,133634,                                                                                    

135,546,22/11/13 10:09:01,A_Bus Pa,D:  3/0,Zone   3 - ,WEST STAND   ,Loop 11 - Device   3   ,FAULT ,16390,130,133635,                                                                                    

135,547,22/11/13 10:09:02,A_Bus Pa,D:  4/0,Zone   4 - ,WEST STAND   ,Loop 11 - Device   4   ,FAULT ,16390,130,133636,                                                                                    

135,548,22/11/13 10:09:02,A_Bus Pa,D:  1/0,Zone   1 - ,SOUTH  G FLOOR,Loop 11 - Device   1   ,FAULT ,16390,128,133633,                                                                                   

135,549,22/11/13 10:09:02,A_Bus Pa,D:  2/0,Zone   2 - ,SOUTH G FLOOR,Loop 11 - Device   2   ,FAULT ,16390,128,133634,                                                                                    

135,550,22/11/13 10:09:03,A_Bus Pa,D:  3/0,Zone   3 - ,WEST STAND   ,Loop 11 - Device   3   ,FAULT ,16390,128,133635,                                                                                    

135,551,22/11/13 10:09:05,Loop 4 ,D:  2/0,Zone   1 - ,SOUTH  G FLOOR,                       ,MISSING ,16386,0,66306,                                                                                     

135,552,22/11/13 10:11:16,System ,D: 10/0,Zone 205 - ,System Zone  ,Loop 9 - Device  10    ,User Logged in - AL3 User,4223,4,2058,                                                                       

135,553,22/11/13 10:11:50,Loop 4 ,D:  3/0,Zone  26 - ,SOUTH 2ND FLR,LIFT LOBBY BY STAIR 2  ,ALARM ,32769,0,66307,                                                                                        

135,554,22/11/13 10:11:52,--,--,Zone  26 - ,SOUTH 2ND FLR,,Zone in FIRE!,32867,0,0,                                                                                                                      

135,555,22/11/13 10:12:23,Loop 4 ,D:  3/0,Zone  26 - ,SOUTH 2ND FLR,LIFT LOBBY BY STAIR 2  ,OK ,49159,0,66307,                                                                                           

135,556,22/11/13 10:12:34,System ,D: 10/0,Zone 205 - ,System Zone  ,Loop 9 - Device  10    ,Panel Silenced ,4152,0,2058,                                                                                 

135,557,22/11/13 10:12:38,System ,D: 10/0,Zone 205 - ,System Zone  ,Loop 9 - Device  10    ,Panel Reset ,4151,0,2058,                                                                                    

135,558,22/11/13 10:12:44,Loop 4 ,D:  2/0,Zone   1 - ,SOUTH  G FLOOR,                       ,MISSING ,16386,0,66306,                                                                                     

135,559,22/11/13 10:12:48,Loop 4 ,D:  3/0,Zone  26 - ,SOUTH 2ND FLR,LIFT LOBBY BY STAIR 2  ,ALARM ,32769,0,66307,                                                                                        

135,560,22/11/13 10:12:50,--,--,Zone  26 - ,SOUTH 2ND FLR,,Zone in FIRE!,32867,0,0,                                                                                                                      

135,561,22/11/13 10:13:22,System ,D: 10/0,Zone 205 - ,System Zone  ,Loop 9 - Device  10    ,Panel Silenced ,4152,0,2058,                                                                                 

135,562,22/11/13 10:13:24,Loop 4 ,D:  3/0,Zone  26 - ,SOUTH 2ND FLR,LIFT LOBBY BY STAIR 2  ,OK ,49159,0,66307,                                                                                           

135,563,22/11/13 10:13:25,System ,D: 10/0,Zone 205 - ,System Zone  ,Loop 9 - Device  10    ,Panel Reset ,4151,0,2058,                                                                                    

135,564,22/11/13 10:13:26,System ,D: 15/0,Zone 206 - ,System Zone  ,Loop 9 - Device  15    ,Short Circuit ,16411,26,133135,                                                                              

135,565,22/11/13 10:13:27,System ,D: 15/0,Zone 206 - ,System Zone  ,Loop 9 - Device  15    ,OK ,16391,0,133135,                                                                                          

135,566,22/11/13 10:13:30,Loop 4 ,D:  2/0,Zone   1 - ,SOUTH  G FLOOR,                       ,MISSING ,16386,0,66306,                                                                                     

135,567,22/11/13 10:14:47,System ,D: 10/0,Zone 205 - ,System Zone  ,Loop 9 - Device  10    ,User Logged in - AL3 User,4223,4,2058,                                                                       

135,568,22/11/13 10:18:52,System ,D: 10/0,Zone 205 - ,System Zone  ,Panel Device           ,Panel Reset ,4151,0,2058,                                                                                    

135,569,22/11/13 10:19:01,System ,D: 10/0,Zone 205 - ,System Zone  ,Panel Device           ,Mode Changed  :Non Match Day  ,4206,1,2058,                                                                  

135,570,22/11/13 10:19:03,Loop 4 ,D:  3/0,Zone  26 - ,SOUTH 2ND FLR,LIFT LOBBY BY STAIR 2  ,ALARM ,32769,0,66307,                                                                                        

135,571,22/11/13 10:19:04,--,--,Zone  26 - ,SOUTH 2ND FLR,,Zone in FIRE!,32867,0,0,                                                                                                                      

135,572,22/11/13 10:19:11,--,--,Zone  26 - ,SOUTH 2ND FLR,,Zone in FIRE!,32867,0,0,                                                                                                                      

135,573,22/11/13 10:19:12,A_Bus Pa,D:  1/0,Zone   1 - ,SOUTH  G FLOOR,ZMU                    ,FAULT ,16390,130,133633,                                                                                   

135,574,22/11/13 10:19:12,A_Bus Pa,D:  4/0,Zone   4 - ,WEST STAND   ,ZMU                    ,FAULT ,16390,130,133636,                                                                                    

135,575,22/11/13 10:19:13,A_Bus Pa,D:  2/0,Zone   2 - ,SOUTH G FLOOR,ZMU                    ,FAULT ,16390,130,133634,                                                                                    

135,576,22/11/13 10:19:13,A_Bus Pa,D:  4/0,Zone   4 - ,WEST STAND   ,ZMU                    ,FAULT ,16390,128,133636,                                                                                    

135,577,22/11/13 10:19:22,Loop 4 ,D:  3/0,Zone  26 - ,SOUTH 2ND FLR,LIFT LOBBY BY STAIR 2  ,OK ,49159,0,66307,                                                                                           

135,578,22/11/13 10:20:03,System ,D: 10/0,Zone 205 - ,System Zone  ,Panel Device           ,User Logged in - AL3 User,4223,4,2058,                                                                       

135,579,22/11/13 10:20:53,System ,D: 10/0,Zone 205 - ,System Zone  ,Panel Device           ,Panel Silenced ,4152,0,2058,                                                                                 

135,580,22/11/13 10:20:57,System ,D: 10/0,Zone 205 - ,System Zone  ,Panel Device           ,Panel Reset ,4151,0,2058,                                                                                    

135,581,22/11/13 10:20:59,A_Bus Pa,D:  1/0,Zone   1 - ,SOUTH  G FLOOR,ZMU                    ,FAULT ,16390,130,133633,                                                                                   

135,582,22/11/13 10:20:59,A_Bus Pa,D:  2/0,Zone   2 - ,SOUTH G FLOOR,ZMU                    ,FAULT ,16390,130,133634,                                                                                    

135,583,22/11/13 10:20:59,A_Bus Pa,D:  3/0,Zone   3 - ,WEST STAND   ,ZMU                    ,FAULT ,16390,128,133635,                                                                                    

135,584,22/11/13 10:20:59,A_Bus Pa,D:  4/0,Zone   4 - ,WEST STAND   ,ZMU                    ,FAULT ,16390,130,133636,                                                                                    

135,585,22/11/13 10:21:03,Loop 4 ,D:  2/0,Zone   1 - ,SOUTH  G FLOOR,                       ,MISSING ,16386,0,66306,                                                                                     

135,586,22/11/13 10:21:03,Loop 4 ,D:  3/0,Zone  26 - ,SOUTH 2ND FLR,LIFT LOBBY BY STAIR 2  ,ALARM ,32769,0,66307,                                                                                        

135,587,22/11/13 10:21:04,--,--,Zone  26 - ,SOUTH 2ND FLR,,Zone in FIRE!,32867,0,0,                                                                                                                      

135,588,22/11/13 10:21:22,System ,D: 10/0,Zone 205 - ,System Zone  ,Panel Device           ,Panel Silenced ,4152,0,2058,                                                                                 

135,589,22/11/13 10:21:25,System ,D: 10/0,Zone 205 - ,System Zone  ,Panel Device           ,Panel Reset ,4151,0,2058,                                                                                    

135,590,22/11/13 10:21:26,A_Bus Pa,D:  3/0,Zone   3 - ,WEST STAND   ,ZMU                    ,FAULT ,16390,130,133635,                                                                                    

135,591,22/11/13 10:21:26,A_Bus Pa,D:  4/0,Zone   4 - ,WEST STAND   ,ZMU                    ,FAULT ,16390,130,133636,                                                                                    

135,592,22/11/13 10:21:31,Loop 4 ,D:  2/0,Zone   1 - ,SOUTH  G FLOOR,                       ,MISSING ,16386,0,66306,                                                                                     

135,593,22/11/13 10:21:31,System ,D: 10/0,Zone 205 - ,System Zone  ,Panel Device           ,Panel Silenced ,4152,0,2058,                                                                                 

135,594,22/11/13 10:21:35,System ,D: 10/0,Zone 205 - ,System Zone  ,Panel Device           ,Panel Reset ,4151,0,2058,                                                                                    

135,595,22/11/13 10:21:35,A_Bus Pa,D:  4/0,Zone   4 - ,WEST STAND   ,ZMU                    ,FAULT ,16390,130,133636,                                                                                    

135,596,22/11/13 10:21:44,Loop 4 ,D:  2/0,Zone   1 - ,SOUTH  G FLOOR,                       ,MISSING ,16386,0,66306,                                                                                     

135,597,22/11/13 10:22:14,L:2    ,D: 48/0,Zone  19 - ,SOUTH 1ST FLR,CORRIDOR BY CLUB OFFICE,MISSING ,16386,0,65840,                                                                                      

135,598,22/11/13 10:22:25,L:2    ,D: 48/0,Zone  19 - ,SOUTH 1ST FLR,CORRIDOR BY CLUB OFFICE,OK ,16391,0,65840,                                                                                           

135,599,22/11/13 10:28:07,Loop 4 ,D:  3/0,Zone  26 - ,SOUTH 2ND FLR,LIFT LOBBY BY STAIR 2  ,ALARM ,32769,0,66307,                                                                                        

135,600,22/11/13 10:28:07,--,--,Zone  26 - ,SOUTH 2ND FLR,,Zone in FIRE!,32867,0,0,                                                                                                                      

135,601,22/11/13 10:28:15,System ,D: 10/0,Zone 205 - ,System Zone  ,Panel Device           ,Panel Silenced ,4152,0,2058,                                                                                 

135,602,22/11/13 10:28:22,Loop 4 ,D:  3/0,Zone  26 - ,SOUTH 2ND FLR,LIFT LOBBY BY STAIR 2  ,OK ,49159,0,66307,                                                                                           

135,603,22/11/13 10:28:25,System ,D: 10/0,Zone 205 - ,System Zone  ,Panel Device           ,Panel Silenced ,4152,0,2058,                                                                                 

135,604,22/11/13 10:28:32,System ,D: 10/0,Zone 205 - ,System Zone  ,Panel Device           ,Panel Reset ,4151,0,2058,                                                                                    

135,605,22/11/13 10:28:33,A_Bus Pa,D:  1/0,Zone   1 - ,SOUTH  G FLOOR,ZMU                    ,FAULT ,16390,130,133633,                                                                                   

135,606,22/11/13 10:28:33,A_Bus Pa,D:  2/0,Zone   2 - ,SOUTH G FLOOR,ZMU                    ,FAULT ,16390,130,133634,                                                                                    

135,607,22/11/13 10:28:34,A_Bus Pa,D:  3/0,Zone   3 - ,WEST STAND   ,ZMU                    ,FAULT ,16390,130,133635,                                                                                    

135,608,22/11/13 10:28:34,A_Bus Pa,D:  1/0,Zone   1 - ,SOUTH  G FLOOR,ZMU                    ,FAULT ,16390,128,133633,                                                                                   

135,609,22/11/13 10:28:34,A_Bus Pa,D:  2/0,Zone   2 - ,SOUTH G FLOOR,ZMU                    ,FAULT ,16390,128,133634,                                                                                    

135,610,22/11/13 10:28:35,A_Bus Pa,D:  3/0,Zone   3 - ,WEST STAND   ,ZMU                    ,FAULT ,16390,128,133635,                                                                                    

135,611,22/11/13 10:28:37,Loop 4 ,D:  2/0,Zone   1 - ,SOUTH  G FLOOR,                       ,MISSING ,16386,0,66306,                                                                                     

135,612,22/11/13 10:30:07,System ,D: 10/0,Zone 205 - ,System Zone  ,Panel Device           ,User Logged in - AL3 User,4223,4,2058,                                                                       

135,613,22/11/13 10:30:44,Loop 4 ,D:  3/0,Zone  26 - ,SOUTH 2ND FLR,LIFT LOBBY BY STAIR 2  ,ALARM ,32769,0,66307,                                                                                        

135,614,22/11/13 10:30:45,--,--,Zone  26 - ,SOUTH 2ND FLR,,Zone in FIRE!,32867,0,0,                                                                                                                      

135,615,22/11/13 10:30:55,Loop 4 ,D:  3/0,Zone  26 - ,SOUTH 2ND FLR,LIFT LOBBY BY STAIR 2  ,OK ,49159,0,66307,                                                                                           

135,616,22/11/13 10:30:57,System ,D: 10/0,Zone 205 - ,System Zone  ,Panel Device           ,Panel Silenced ,4152,0,2058,                                                                                 

135,617,22/11/13 10:31:01,System ,D: 10/0,Zone 205 - ,System Zone  ,Panel Device           ,Panel Reset ,4151,0,2058,                                                                                    

135,618,22/11/13 10:31:01,System ,D: 15/0,Zone 206 - ,System Zone  ,Aux Fuse               ,Short Circuit ,16411,26,133135,                                                                              

135,619,22/11/13 10:31:02,System ,D: 15/0,Zone 206 - ,System Zone  ,Aux Fuse               ,OK ,16391,0,133135,                                                                                          

135,620,22/11/13 10:31:06,Loop 4 ,D:  2/0,Zone   1 - ,SOUTH  G FLOOR,                       ,MISSING ,16386,0,66306,                                                                                     

135,621,22/11/13 10:32:41,Loop 4 ,D: 21/0,Zone   0 - ,,Loop 4 - Device  21    ,MISSING ,16386,20,789,                                                                                                    

135,622,22/11/13 10:34:41,System ,D: 10/0,Zone 205 - ,System Zone  ,Panel Device           ,User Logged in - AL3 User,4223,4,2058,                                                                       

135,623,22/11/13 10:38:10,L:2    ,D: 48/0,Zone  19 - ,SOUTH 1ST FLR,CORRIDOR BY CLUB OFFICE,MISSING ,16386,0,65840,                                                                                      

135,624,22/11/13 10:38:33,L:2    ,D: 48/0,Zone  19 - ,SOUTH 1ST FLR,CORRIDOR BY CLUB OFFICE,OK ,16391,0,65840,                                                                                           

135,625,22/11/13 10:40:05,System ,D: 10/0,Zone 205 - ,System Zone  ,Panel Device           ,Mode Changed  :Match Day      ,4206,0,2058,                                                                  

135,626,22/11/13 10:37:02,System ,D: 10/0,Zone 205 - ,System Zone  ,Panel Device           ,Panel Reset ,4151,0,2058,                                                                                    

135,627,22/11/13 10:37:22,A_Bus Pa,D:  1/0,Zone   1 - ,SOUTH  G FLOOR,ZMU                    ,FAULT ,16390,130,133633,                                                                                   

135,628,22/11/13 10:37:23,A_Bus Pa,D:  2/0,Zone   2 - ,SOUTH G FLOOR,ZMU                    ,FAULT ,16390,130,133634,                                                                                    

135,629,22/11/13 10:37:24,A_Bus Pa,D:  2/0,Zone   2 - ,SOUTH G FLOOR,ZMU                    ,FAULT ,16390,128,133634,                                                                                    

135,630,22/11/13 10:37:41,Loop 4 ,D:  3/0,Zone  26 - ,SOUTH 2ND FLR,LIFT LOBBY BY STAIR 2  ,ALARM ,32769,0,66307,                                                                                        

135,631,22/11/13 10:37:42,--,--,Zone  26 - ,SOUTH 2ND FLR,,Zone in FIRE!,32867,0,0,                                                                                                                      

135,632,22/11/13 10:37:52,System ,D: 10/0,Zone 205 - ,System Zone  ,Panel Device           ,User Logged in - AL3 User,4223,4,2058,                                                                       

135,633,22/11/13 10:37:52,System ,D: 10/0,Zone 205 - ,System Zone  ,Panel Device           ,Panel Silenced ,4152,0,2058,                                                                                 

135,634,22/11/13 10:37:56,Loop 4 ,D:  3/0,Zone  26 - ,SOUTH 2ND FLR,LIFT LOBBY BY STAIR 2  ,OK ,49159,0,66307,                                                                                           

135,635,22/11/13 10:37:57,System ,D: 10/0,Zone 205 - ,System Zone  ,Panel Device           ,Panel Reset ,4151,0,2058,                                                                                    

135,636,22/11/13 10:37:58,A_Bus Pa,D:  1/0,Zone   1 - ,SOUTH  G FLOOR,ZMU                    ,FAULT ,16390,130,133633,                                                                                   

135,637,22/11/13 10:37:58,A_Bus Pa,D:  4/0,Zone   4 - ,WEST STAND   ,ZMU                    ,FAULT ,16390,130,133636,                                                                                    

135,638,22/11/13 10:38:00,A_Bus Pa,D:  1/0,Zone   1 - ,SOUTH  G FLOOR,ZMU                    ,FAULT ,16390,128,133633,                                                                                   

135,639,22/11/13 10:38:00,A_Bus Pa,D:  4/0,Zone   4 - ,WEST STAND   ,ZMU                    ,FAULT ,16390,128,133636,                                                                                    

135,640,22/11/13 10:41:06,Loop 4 ,D:  3/0,Zone  26 - ,SOUTH 2ND FLR,LIFT LOBBY BY STAIR 2  ,ALARM ,32769,0,66307,                                                                                        

135,641,22/11/13 10:41:07,--,--,Zone  26 - ,SOUTH 2ND FLR,,Zone in FIRE!,32867,0,0,                                                                                                                      

135,642,22/11/13 10:43:38,Loop 4 ,D:  3/0,Zone  26 - ,SOUTH 2ND FLR,LIFT LOBBY BY STAIR 2  ,OK ,49159,0,66307,                                                                                           

135,643,22/11/13 10:44:04,System ,D: 10/0,Zone 205 - ,System Zone  ,Panel Device           ,Panel Silenced ,4152,0,2058,                                                                                 

135,644,22/11/13 10:44:08,System ,D: 10/0,Zone 205 - ,System Zone  ,Panel Device           ,Panel Reset ,4151,0,2058,                                                                                    

135,645,22/11/13 10:44:08,A_Bus Pa,D:  1/0,Zone   1 - ,SOUTH  G FLOOR,ZMU                    ,FAULT ,16390,130,133633,                                                                                   

135,646,22/11/13 10:44:09,A_Bus Pa,D:  2/0,Zone   2 - ,SOUTH G FLOOR,ZMU                    ,FAULT ,16390,130,133634,                                                                                    

135,647,22/11/13 10:44:10,A_Bus Pa,D:  1/0,Zone   1 - ,SOUTH  G FLOOR,ZMU                    ,FAULT ,16390,128,133633,                                                                                   

135,648,22/11/13 10:44:11,A_Bus Pa,D:  2/0,Zone   2 - ,SOUTH G FLOOR,ZMU                    ,FAULT ,16390,128,133634,                                                                                    

135,649,22/11/13 10:46:01,System ,D: 10/0,Zone 205 - ,System Zone  ,Panel Device           ,User Logged in - AL3 User,4223,4,2058,                                                                       

135,650,22/11/13 10:53:39,System ,D: 10/0,Zone 205 - ,System Zone  ,Panel Device           ,Panel Reset ,4151,0,2058,                                                                                    

135,651,22/11/13 10:54:00,A_Bus Pa,D:  2/0,Zone   2 - ,SOUTH G FLOOR,ZMU                    ,FAULT ,16390,130,133634,                                                                                    

135,652,22/11/13 10:54:00,A_Bus Pa,D:  3/0,Zone   3 - ,WEST STAND   ,ZMU                    ,FAULT ,16390,130,133635,                                                                                    

135,653,22/11/13 10:54:00,A_Bus Pa,D:  4/0,Zone   4 - ,WEST STAND   ,ZMU                    ,FAULT ,16390,130,133636,                                                                                    

135,654,22/11/13 10:54:01,A_Bus Pa,D:  2/0,Zone   2 - ,SOUTH G FLOOR,ZMU                    ,FAULT ,16390,128,133634,                                                                                    

135,655,22/11/13 10:54:01,A_Bus Pa,D:  3/0,Zone   3 - ,WEST STAND   ,ZMU                    ,FAULT ,16390,128,133635,                                                                                    

135,656,22/11/13 10:54:01,A_Bus Pa,D:  4/0,Zone   4 - ,WEST STAND   ,ZMU                    ,FAULT ,16390,128,133636,                                                                                    

135,657,22/11/13 10:58:15,Loop 4 ,D:  3/0,Zone  26 - ,SOUTH 2ND FLR,LIFT LOBBY BY STAIR 2  ,ALARM ,32769,0,66307,                                                                                        

135,658,22/11/13 10:58:17,--,--,Zone  26 - ,SOUTH 2ND FLR,,Zone in FIRE!,32867,0,0,                                                                                                                      

135,659,22/11/13 10:58:28,System ,D: 10/0,Zone 205 - ,System Zone  ,Panel Device           ,Panel Silenced ,4152,0,2058,                                                                                 

135,660,22/11/13 10:58:33,Loop 4 ,D:  3/0,Zone  26 - ,SOUTH 2ND FLR,LIFT LOBBY BY STAIR 2  ,OK ,49159,0,66307,                                                                                           

135,661,22/11/13 10:58:38,System ,D: 10/0,Zone 205 - ,System Zone  ,Panel Device           ,Panel Reset ,4151,0,2058,                                                                                    

135,662,22/11/13 10:58:40,A_Bus Pa,D:  1/0,Zone   1 - ,SOUTH  G FLOOR,ZMU                    ,FAULT ,16390,130,133633,                                                                                   

135,663,22/11/13 10:58:40,A_Bus Pa,D:  2/0,Zone   2 - ,SOUTH G FLOOR,ZMU                    ,FAULT ,16390,130,133634,                                                                                    

135,664,22/11/13 10:58:41,A_Bus Pa,D:  3/0,Zone   3 - ,WEST STAND   ,ZMU                    ,FAULT ,16390,130,133635,                                                                                    

135,665,22/11/13 10:59:09,System ,D: 10/0,Zone 205 - ,System Zone  ,Panel Device           ,User Logged in - AL3 User,4223,4,2058,                                                                       

135,666,22/11/13 10:59:41,Loop 4 ,D:  3/0,Zone  26 - ,SOUTH 2ND FLR,LIFT LOBBY BY STAIR 2  ,ALARM ,32769,0,66307,                                                                                        

135,667,22/11/13 10:59:42,--,--,Zone  26 - ,SOUTH 2ND FLR,,Zone in FIRE!,32867,0,0,                                                                                                                      

135,668,22/11/13 10:59:52,System ,D: 10/0,Zone 205 - ,System Zone  ,Panel Device           ,Panel Silenced ,4152,0,2058,                                                                                 

135,669,22/11/13 11:00:00,Loop 4 ,D:  3/0,Zone  26 - ,SOUTH 2ND FLR,LIFT LOBBY BY STAIR 2  ,OK ,49159,0,66307,                                                                                           

135,670,22/11/13 11:00:47,Loop 4 ,D:  3/0,Zone  26 - ,SOUTH 2ND FLR,LIFT LOBBY BY STAIR 2  ,ALARM ,32769,0,66307,                                                                                        

135,671,22/11/13 11:00:59,System ,D: 10/0,Zone 205 - ,System Zone  ,Panel Device           ,Panel Reset ,4151,0,2058,                                                                                    

135,672,22/11/13 11:01:00,A_Bus Pa,D:  2/0,Zone   2 - ,SOUTH G FLOOR,ZMU                    ,FAULT ,16390,130,133634,                                                                                    

135,673,22/11/13 11:01:00,A_Bus Pa,D:  3/0,Zone   3 - ,WEST STAND   ,ZMU                    ,FAULT ,16390,130,133635,                                                                                    

135,674,22/11/13 11:01:00,A_Bus Pa,D:  4/0,Zone   4 - ,WEST STAND   ,ZMU                    ,FAULT ,16390,130,133636,                                                                                    

135,675,22/11/13 11:01:01,A_Bus Pa,D:  2/0,Zone   2 - ,SOUTH G FLOOR,ZMU                    ,FAULT ,16390,128,133634,                                                                                    

135,676,22/11/13 11:01:01,A_Bus Pa,D:  3/0,Zone   3 - ,WEST STAND   ,ZMU                    ,FAULT ,16390,128,133635,                                                                                    

135,677,22/11/13 11:01:05,Loop 4 ,D:  3/0,Zone  26 - ,SOUTH 2ND FLR,LIFT LOBBY BY STAIR 2  ,ALARM ,32769,0,66307,                                                                                        

135,678,22/11/13 11:01:07,--,--,Zone  26 - ,SOUTH 2ND FLR,,Zone in FIRE!,32867,0,0,                                                                                                                      

135,679,22/11/13 11:01:17,Loop 4 ,D:  3/0,Zone  26 - ,SOUTH 2ND FLR,LIFT LOBBY BY STAIR 2  ,OK ,49159,0,66307,                                                                                           

135,680,22/11/13 11:01:18,System ,D: 10/0,Zone 205 - ,System Zone  ,Panel Device           ,Panel Silenced ,4152,0,2058,                                                                                 

135,681,22/11/13 11:01:21,System ,D: 10/0,Zone 205 - ,System Zone  ,Panel Device           ,Panel Reset ,4151,0,2058,                                                                                    

135,682,22/11/13 11:01:22,A_Bus Pa,D:  3/0,Zone   3 - ,WEST STAND   ,ZMU                    ,FAULT ,16390,130,133635,                                                                                    

135,683,22/11/13 11:01:22,A_Bus Pa,D:  4/0,Zone   4 - ,WEST STAND   ,ZMU                    ,FAULT ,16390,130,133636,                                                                                    

135,684,22/11/13 11:01:23,A_Bus Pa,D:  1/0,Zone   1 - ,SOUTH  G FLOOR,ZMU                    ,FAULT ,16390,130,133633,                                                                                   

135,685,22/11/13 11:01:23,A_Bus Pa,D:  3/0,Zone   3 - ,WEST STAND   ,ZMU                    ,FAULT ,16390,128,133635,                                                                                    

135,686,22/11/13 11:01:23,A_Bus Pa,D:  4/0,Zone   4 - ,WEST STAND   ,ZMU                    ,FAULT ,16390,128,133636,                                                                                    

135,687,22/11/13 11:01:41,Loop 4 ,D:  3/0,Zone  26 - ,SOUTH 2ND FLR,LIFT LOBBY BY STAIR 2  ,ALARM ,32769,0,66307,                                                                                        

135,688,22/11/13 11:01:42,--,--,Zone  26 - ,SOUTH 2ND FLR,,Zone in FIRE!,32867,0,0,                                                                                                                      

135,689,22/11/13 11:01:46,Loop 4 ,D:  3/0,Zone  26 - ,SOUTH 2ND FLR,LIFT LOBBY BY STAIR 2  ,OK ,49159,0,66307,                                                                                           

135,690,22/11/13 11:02:06,System ,D: 10/0,Zone 205 - ,System Zone  ,Panel Device           ,Panel Silenced ,4152,0,2058,                                                                                 

135,691,22/11/13 11:02:14,System ,D: 10/0,Zone 205 - ,System Zone  ,Panel Device           ,Panel Silenced ,4152,0,2058,                                                                                 

135,692,22/11/13 11:05:07,Loop 8 ,D:  2/0,Zone   1 - ,SOUTH  G FLOOR,                       ,MISSING ,16386,20,132866,                                                                                   

135,693,22/11/13 11:05:17,Loop 8 ,D:  2/0,Zone   1 - ,SOUTH  G FLOOR,                       ,OK ,16391,0,132866,                                                                                         

135,694,22/11/13 11:06:53,System ,D: 10/0,Zone 205 - ,System Zone  ,Panel Device           ,Panel Reset ,4151,0,2058,                                                                                    

135,695,22/11/13 11:06:54,Loop 4 ,D:  3/0,Zone  26 - ,SOUTH 2ND FLR,LIFT LOBBY BY STAIR 2  ,ALARM ,32769,0,66307,                                                                                        

135,696,22/11/13 11:06:57,--,--,Zone  26 - ,SOUTH 2ND FLR,,Zone in FIRE!,32867,0,0,                                                                                                                      

135,697,22/11/13 11:07:03,A_Bus Pa,D:  2/0,Zone   2 - ,SOUTH G FLOOR,ZMU                    ,FAULT ,16390,130,133634,                                                                                    

135,698,22/11/13 11:07:03,A_Bus Pa,D:  3/0,Zone   3 - ,WEST STAND   ,ZMU                    ,FAULT ,16390,130,133635,                                                                                    

135,699,22/11/13 11:07:04,A_Bus Pa,D:  4/0,Zone   4 - ,WEST STAND   ,ZMU                    ,FAULT ,16390,130,133636,                                                                                    

135,700,22/11/13 11:07:04,A_Bus Pa,D:  2/0,Zone   2 - ,SOUTH G FLOOR,ZMU                    ,FAULT ,16390,128,133634,                                                                                    

135,701,22/11/13 11:07:04,A_Bus Pa,D:  3/0,Zone   3 - ,WEST STAND   ,ZMU                    ,FAULT ,16390,128,133635,                                                                                    

135,702,22/11/13 11:07:04,A_Bus Pa,D:  4/0,Zone   4 - ,WEST STAND   ,ZMU                    ,FAULT ,16390,128,133636,                                                                                    

135,703,22/11/13 11:07:15,Loop 4 ,D:  3/0,Zone  26 - ,SOUTH 2ND FLR,LIFT LOBBY BY STAIR 2  ,OK ,49159,0,66307,                                                                                           

135,704,22/11/13 11:07:33,System ,D: 10/0,Zone 205 - ,System Zone  ,Panel Device           ,Panel Silenced ,4152,0,2058,                                                                                 

135,705,22/11/13 11:07:52,System ,D: 10/0,Zone 205 - ,System Zone  ,Panel Device           ,Panel Reset ,4151,0,2058,                                                                                    

135,706,22/11/13 11:07:53,System ,D: 15/0,Zone 206 - ,System Zone  ,Aux Fuse               ,Short Circuit ,16411,26,133135,                                                                              

135,707,22/11/13 11:07:53,A_Bus Pa,D:  2/0,Zone   2 - ,SOUTH G FLOOR,ZMU                    ,FAULT ,16390,130,133634,                                                                                    

135,708,22/11/13 11:07:53,A_Bus Pa,D:  3/0,Zone   3 - ,WEST STAND   ,ZMU                    ,FAULT ,16390,130,133635,                                                                                    

135,709,22/11/13 11:07:53,A_Bus Pa,D:  4/0,Zone   4 - ,WEST STAND   ,ZMU                    ,FAULT ,16390,130,133636,                                                                                    

135,710,22/11/13 11:07:54,A_Bus Pa,D:  2/0,Zone   2 - ,SOUTH G FLOOR,ZMU                    ,FAULT ,16390,128,133634,                                                                                    

135,711,22/11/13 11:07:54,A_Bus Pa,D:  3/0,Zone   3 - ,WEST STAND   ,ZMU                    ,FAULT ,16390,128,133635,                                                                                    

135,712,22/11/13 11:07:54,System ,D: 15/0,Zone 206 - ,System Zone  ,Aux Fuse               ,OK ,16391,0,133135,                                                                                          

135,713,22/11/13 11:07:56,Loop 4 ,D:  3/0,Zone  26 - ,SOUTH 2ND FLR,LIFT LOBBY BY STAIR 2  ,ALARM ,32769,0,66307,                                                                                        

135,714,22/11/13 11:07:57,--,--,Zone  26 - ,SOUTH 2ND FLR,,Zone in FIRE!,32867,0,0,                                                                                                                      

135,715,22/11/13 11:08:15,Loop 4 ,D:  3/0,Zone  26 - ,SOUTH 2ND FLR,LIFT LOBBY BY STAIR 2  ,OK ,49159,0,66307,                                                                                           

135,716,22/11/13 11:08:22,System ,D: 10/0,Zone 205 - ,System Zone  ,Panel Device           ,Panel Silenced ,4152,0,2058,                                                                                 

135,717,22/11/13 11:08:28,System ,D: 10/0,Zone 205 - ,System Zone  ,Panel Device           ,Panel Reset ,4151,0,2058,                                                                                    

135,718,22/11/13 11:08:28,System ,D: 15/0,Zone 206 - ,System Zone  ,Aux Fuse               ,Short Circuit ,16411,26,133135,                                                                              

135,719,22/11/13 11:08:29,System ,D: 15/0,Zone 206 - ,System Zone  ,Aux Fuse               ,OK ,16391,0,133135,                                                                                          

135,720,22/11/13 11:08:30,A_Bus Pa,D:  1/0,Zone   1 - ,SOUTH  G FLOOR,ZMU                    ,FAULT ,16390,130,133633,                                                                                   

135,721,22/11/13 11:08:30,A_Bus Pa,D:  3/0,Zone   3 - ,WEST STAND   ,ZMU                    ,FAULT ,16390,128,133635,                                                                                    

135,722,22/11/13 11:08:30,A_Bus Pa,D:  4/0,Zone   4 - ,WEST STAND   ,ZMU                    ,FAULT ,16390,130,133636,                                                                                    

135,723,22/11/13 11:08:58,System ,D: 10/0,Zone 205 - ,System Zone  ,Panel Device           ,User Logged in - AL3 User,4223,4,2058,                                                                       

135,724,22/11/13 11:09:29,Loop 4 ,D:  3/0,Zone  26 - ,SOUTH 2ND FLR,LIFT LOBBY BY STAIR 2  ,ALARM ,32769,0,66307,                                                                                        

135,725,22/11/13 11:09:30,--,--,Zone  26 - ,SOUTH 2ND FLR,,Zone in FIRE!,32867,0,0,                                                                                                                      

135,726,22/11/13 11:09:42,Loop 4 ,D:  3/0,Zone  26 - ,SOUTH 2ND FLR,LIFT LOBBY BY STAIR 2  ,OK ,49159,0,66307,                                                                                           

135,727,22/11/13 11:09:49,System ,D: 10/0,Zone 205 - ,System Zone  ,Panel Device           ,Panel Silenced ,4152,0,2058,                                                                                 

135,728,22/11/13 11:09:54,System ,D: 10/0,Zone 205 - ,System Zone  ,Panel Device           ,Panel Reset ,4151,0,2058,                                                                                    

135,729,22/11/13 11:09:56,A_Bus Pa,D:  1/0,Zone   1 - ,SOUTH  G FLOOR,ZMU                    ,FAULT ,16390,130,133633,                                                                                   

135,730,22/11/13 11:09:56,A_Bus Pa,D:  2/0,Zone   2 - ,SOUTH G FLOOR,ZMU                    ,FAULT ,16390,130,133634,                                                                                    

135,731,22/11/13 11:09:56,A_Bus Pa,D:  4/0,Zone   4 - ,WEST STAND   ,ZMU                    ,FAULT ,16390,128,133636,                                                                                    

135,732,22/11/13 11:23:24,L:3    ,D: 43/0,Zone  10 - ,SOUTH G FLOOR,COMMUNITY ROOM         ,MISSING ,16386,20,555,                                                                                       

135,733,22/11/13 11:23:25,L:3    ,D: 43/0,Zone  10 - ,SOUTH G FLOOR,COMMUNITY ROOM         ,OK ,16391,0,131627,                                                                                          

135,734,22/11/13 11:41:27,L:2    ,D: 19/0,Zone   2 - ,SOUTH G FLOOR,CONC BY KARALIUS BAR   ,MISSING ,16386,20,275,                                                                                       

135,735,22/11/13 11:41:28,L:2    ,D: 19/0,Zone   2 - ,SOUTH G FLOOR,CONC BY KARALIUS BAR   ,OK ,16391,0,131347,                                                                                          

135,736,22/11/13 11:42:26,L:3    ,D: 63/0,Zone   1 - ,SOUTH  G FLOOR,RECEPTION FOYER        ,MISSING ,16386,20,575,                                                                                      

135,737,22/11/13 11:42:26,L:3    ,D: 63/0,Zone   1 - ,SOUTH  G FLOOR,RECEPTION FOYER        ,OK ,16391,0,131647,                                                                                         

135,738,22/11/13 11:46:49,L:1    ,D:116/0,Zone   6 - ,NORTH STAND  ,MARCHING INN BAR       ,MISSING ,16386,20,131188,                                                                                    

135,739,22/11/13 11:47:20,L:1    ,D:116/0,Zone   6 - ,NORTH STAND  ,MARCHING INN BAR       ,OK ,16391,0,131188,                                                                                          

135,740,22/11/13 12:05:06,System ,D: 10/0,Zone 205 - ,System Zone  ,Panel Device           ,POWER UP ,4147,0,2058,                                                                                       

135,741,22/11/13 12:05:13,System ,D: 10/0,Zone 205 - ,System Zone  ,Panel Device           ,User Logged in - AL3 User,4223,4,2058,                                                                       

135,742,22/11/13 12:05:13,System ,D: 10/0,Zone 205 - ,System Zone  ,Panel Device           ,AL3 Entered ,4149,4,2058,                                                                                    

135,743,22/11/13 12:05:39,A_Bus Pa,D:  3/0,Zone   1 - ,SOUTH  G FLOOR,                       ,MISSING ,16386,20,133379,                                                                                  

135,744,22/11/13 12:55:29,L:2    ,D: 49/0,Zone  19 - ,SOUTH 1ST FLR,CORR BY CLUB OFFICE VOID,MISSING ,16386,0,65841,                                                                                     

135,745,22/11/13 12:55:40,L:2    ,D: 49/0,Zone  19 - ,SOUTH 1ST FLR,CORR BY CLUB OFFICE VOID,OK ,16391,0,65841,                                                                                          

135,746,22/11/13 12:56:17,L:1    ,D: 12/0,Zone  23 - ,SOUTH 1ST FLR,FEMALE CHANGING        ,MISSING ,16386,0,65548,                                                                                      

135,747,22/11/13 12:56:33,L:1    ,D: 12/0,Zone  23 - ,SOUTH 1ST FLR,FEMALE CHANGING        ,OK ,16391,0,65548,                                                                                           

135,748,22/11/13 13:00:16,System ,D: 10/0,Zone 205 - ,System Zone  ,Panel Device           ,POWER UP ,4147,0,2058,                                                                                       

135,749,22/11/13 13:00:48,A_Bus Pa,D:  3/0,Zone   1 - ,SOUTH  G FLOOR,                       ,MISSING ,16386,20,133379,                                                                                  

135,750,22/11/13 13:01:05,L:2    ,D:  4/0,Zone   1 - ,SOUTH  G FLOOR,COACHING OFFICE        ,WRONG TYPE ,16388,23,131332,                                                                                

135,751,22/11/13 13:02:14,L:1    ,D: 48/0,Zone   6 - ,NORTH STAND  ,LARGE GROUNDSMAN       ,MISSING ,16386,20,48,                                                                                        

