200,IAM,1,9A51,1
120,BEGIN,1
120,25,1,2,
120,2,1,1
120,20,1,1,1,1,1,1,1,1,1,1,1,1,0,1,
120,20,2,1,1,1,1,1,1,1,1,1,1,1,0,1,
120,1,1,1
120,END,1,5410
80,BEGIN,1
80,0,4
80,1,1,1,99
80,2,10,0,5,5,0
80,3,Call The A Team
80,4,Control Rm
80,6,0
80,7,9A51,8A25,0-00
80,8,4,0,1
80,9,0
80,10,0
80,11,0
80,12,3333,4444
80,14,1
80,15,120
80,16,1,L:4    
80,16,2,L:5    
80,16,3,L:6    
80,16,4,L:7    
80,16,5,       
80,16,6,       
80,16,7,       
80,16,8,       
80,16,9,SYSTEM 
80,16,10,A-Bus 1
80,16,11,A-Bus 1
80,END,1,17505
17,BEGIN,1
17,1,N DETECTORS    ,0,1,2,
17,2,N MCP          ,0,1,2,
17,3,S DETECTORS    ,0,1,2,
17,4,S MCP          ,0,1,2,
17,5,E DETECTORS    ,0,1,2,
17,6,E MCP          ,0,1,2,
17,7,W DETECTORS    ,0,1,2,
17,8,W MCP          ,0,1,2,
17,9,K2 DETECTORS   ,0,1,2,
17,10,K2 MCP         ,0,1,2,
17,11,K3 DETECTORS   ,0,1,2,
17,12,K3 MCP         ,0,1,2,
17,13,RECP. DETECTORS,0,1,2,
17,14,RECP. MCP      ,0,1,2,
17,15,EVAC MCP       ,0,1,2,
17,16,K4 DETECTORS   ,0,1,2,
17,17,K4 MCP         ,0,1,2,
17,18,K5 DETECTORS   ,0,1,2,
17,19,K5 MCP         ,0,1,2,
17,20,K6 DETECTORS   ,0,1,2,
17,21,K6 MCP         ,0,1,2,
17,22,K7 DETECTOR    ,0,1,2,
17,23,K7 MCP'S       ,0,1,2,
17,24,K8 DETECTORS   ,0,1,2,
17,25,K8 MCP         ,0,1,2,
17,26,K1 DETECTORS   ,0,1,2,
17,27,K1 MCP         ,0,1,2,
17,28,K9 DETECTORS   ,0,1,2,
17,29,K9 MCP'S       ,0,1,2,
17,30,K10 DETECTORS  ,0,1,2,
17,31,K10 MCP'S      ,0,1,2,
17,32,K11 DETECTORS  ,0,1,2,
17,33,K11 MCP'S      ,0,1,2,
17,34,CONCOURSE MCPs ,0,1,2,
17,35,Voice test     ,0,1,2,
17,36,Isol Plant GF  ,0,1,2,
17,37,Type B Dep Test,0,1,2,
17,38,Mon I/P 1 test ,0,1,2,
17,39,Mon I/P 2 test ,0,1,2,
17,110,Mode Change    ,0,1,2,
17,111,Access level Cha,0,1,2,
17,112,Weekly Test    ,0,1,2,
17,END,1,65139
18,BEGIN,1
18,1,RECP DOOR RELEAS,0,1,2,
18,2,RECP DOOR LOCK ,0,1,2,
18,3,C.R. RM BEACON ,0,1,2,
18,4,DIS WC BEACONS ,0,1,2,
18,5,KIOSK 2 RS     ,0,1,2,
18,6,KIOSK 3 RS     ,0,1,2,
18,7,Other I/F      ,0,1,2,
18,8,SOUTH DOOR HOLD,0,1,2,
18,9,LIFT 1 S.E     ,0,1,2,
18,10,MONITOR STATION,0,1,2,
18,11,KIOSK 4 RS     ,0,1,2,
18,12,KIOSK 5 RS     ,0,1,2,
18,13,KIOSK 6 RS     ,0,1,2,
18,14,KIOSK 7 RS     ,0,1,2,
18,15,KIOSK 8 RS     ,0,1,2,
18,16,KIOSK 1 RS     ,0,1,2,
18,17,KIOSK 9 RS     ,0,1,2,
18,18,LIFT 2 S.      ,0,1,2,
18,19,BOLLARDS       ,0,1,2,
18,20,ALERT MESSAGE  ,0,1,2,
18,21,EVAC MESSAGE   ,0,1,
18,22,Kit. Gas Shut. ,0,1,2,
18,23,LIFT 3 S.      ,0,1,2,
18,24,LIFT 4 S.W     ,0,1,2,
18,25,General Door Rel,0,1,2,
18,26,LIFT 5 W.      ,0,1,2,
18,27,KIOSK 10 RS    ,0,1,2,
18,28,KIOSK 11 RS    ,0,1,2,
18,29,LIFT 6 N.      ,0,1,2,
18,30,Type B Dep Test,0,1,2,
18,31,Mon I/P 1 test ,0,1,2,
18,32,Mon I/P 2 test ,0,1,2,
18,104,BMS PLANT      ,0,1,2,
18,105,AIR HANDLING   ,0,1,2,
18,106,PLANT GF       ,0,1,2,
18,END,1,55134
19,BEGIN,1
19,641,Evac with Voice,0,1,2,
19,642,1st Stage Match,0,1,2,
19,643,1st Stage Non-Ma,0,1,2,
19,644,2nd Stage Match,0,1,2,
19,645,2nd Stage Non-Ma,0,1,2,
19,646,1st Stage MCPs ,0,1,2,
19,647,All Kiosk RS Doo,0,1,2,
19,648,BMS            ,0,1,2,
19,649,Weekly Test    ,0,1,2,
19,650,LIFTS          ,0,1,2,
19,END,1,19509
81,BEGIN,1
81,0,Match Day      ,0,1,2,
81,1,Non Match Day  ,0,1,2,
81,END,1,4007
90,BEGIN,1
90,0,"Test the Comments File with this information"
90,1,""
90,2,"Mary had a little lamb"
90,3,"She also had a Duck"
90,4,""
90,5,"She put them on the table"
90,6,"To see if they would"
90,7,"fff.fff.ffff"
90,8,"ff"
90,9,"ff"
90,10,"fall off"
90,11,""
90,12,""
90,END,1,19370
100,BEGIN,1
100,1,SOUTH  G FLOOR,0,1,2,
100,2,SOUTH G FLOOR,0,1,2,
100,3,WEST STAND   ,0,1,2,
100,4,WEST STAND   ,0,1,2,
100,5,WEST STAND   ,0,1,2,
100,6,NORTH STAND  ,0,1,2,
100,7,NORTH STAND  ,0,1,2,
100,8,EAST STAND   ,0,1,2,
100,9,EAST STAND   ,0,1,2,
100,10,SOUTH G FLOOR,0,1,2,
100,11,SOUTH G FLOOR,0,1,2,
100,12,STAIR 1 S.E. ,0,1,2,
100,13,STAIR 2 S.   ,0,1,2,
100,14,STAIR 3 S.   ,0,1,2,
100,15,STAIR 4 S.W. ,0,1,2,
100,16,STAIR 5 W.   ,0,1,2,
100,17,STAIR 6 N.   ,0,1,2,
100,18,SOUTH 1ST FLR,0,1,2,
100,19,SOUTH 1ST FLR,0,1,2,
100,20,SOUTH 1ST FLR,0,1,2,
100,21,SOUTH 1ST FLR,0,1,2,
100,22,SOUTH 1ST FLR,0,1,2,
100,23,SOUTH 1ST FLR,0,1,2,
100,24,SOUTH 2ND FLR,0,1,2,
100,25,SOUTH 2ND FLR,0,1,2,
100,26,SOUTH 2ND FLR,0,1,2,
100,27,SOUTH 2ND FLR,0,1,2,
100,28,SOUTH 2ND FLR,0,1,2,
100,29,SOUTH 2ND FLR,0,1,2,
100,30,SOUTH 3RD FLR,0,1,2,
100,31,SOUTH STAND  ,0,1,2,
100,32,SOUTH STAND  ,0,1,2,
100,33,SOUTH STAND  ,0,1,2,
100,34,SOUTH STAND  ,0,1,2,
100,35,WEST STAND   ,0,1,2,
100,36,NORTH STAND  ,0,1,2,
100,37,Zone 37      ,0,1,2,
100,38,Zone 38      ,0,1,2,
100,39,Zone 39      ,0,1,2,
100,40,Zone 40      ,0,1,2,
100,101,Zone 101     ,0,1,2,
100,END,1,63108
151,BEGIN,1
151,641,W N E DETECTORS,0,1,2,
151,642,W N E MCPS     ,0,1,2,
151,643,KIOSK 4        ,0,1,2,
151,644,KIOSK 2        ,0,1,2,
151,645,KIOSK 3        ,0,1,2,
151,646,KIOSK 5        ,0,1,2,
151,647,KIOSK 6        ,0,1,2,
151,648,KIOSK 7        ,0,1,2,
151,649,KIOSK 8        ,0,1,2,
151,650,KIOSK 1        ,0,1,2,
151,651,KIOSK 9        ,0,1,2,
151,652,KIOSK 10       ,0,1,2,
151,653,KIOSK 11       ,0,1,2,
151,END,1,20260
152,BEGIN,1
152,0,RESET          ,0,1,2,
152,1,ON             ,0,1,2,
152,2,Simple Pulse   ,0,1,2,
152,3,Mode Change    ,0,1,2,
152,4,Enable Input   ,0,1,2,
152,5,Enable Output  ,0,1,2,
152,6,Enable Zone    ,0,1,2,
152,7,Disable Input  ,0,1,2,
152,8,Disable Output ,0,1,2,
152,9,Disable Zone   ,0,1,2,
152,10,Grp Evec       ,0,1,2,
152,11,Frp Alert      ,0,1,2,
152,12,Access Level Cha,0,1,2,
152,13,Mode Change    ,0,1,2,
152,17,Disable OP Grp ,0,1,2,
152,18,Enable OP Grp  ,0,1,2,
152,19,Mode Restore   ,0,1,2,
152,END,1,31544
153,BEGIN,1
153,1,Test Pattern   ,0,1,2,
153,END,1,2581
160,BEGIN,1
160,1,Msg pair 1     ,0,1,2,
160,2,Msg pair 2     ,0,1,2,
160,END,1,3934
20,BEGIN,1
20,9,1,258,206,0,64,0,0,6,0,0,0,0,0,0,0,0,0,0,0,0,0,0,0,0,0,0,0,0,0,0,0,0
20,9,2,258,206,0,64,0,0,6,1,0,0,0,0,0,0,0,0,0,0,0,0,0,0,0,0,0,0,0,0,0,0,0
20,9,3,259,206,0,64,0,0,6,0,0,0,0,0,0,0,0,0,0,0,0,0,0,0,0,0,0,0,0,0,0,0,0
20,9,4,259,206,0,64,0,0,6,1,0,0,0,0,0,0,0,0,0,0,0,0,0,0,0,0,0,0,0,0,0,0,0
20,9,5,267,205,0,0,0,0,4,0,0,1,0,0,0,0,0,0,0,0,0,0,0,0,0,0,0,0,0,0,0,0,32
20,9,6,257,206,0,0,0,0,0,0,0,0,0,0,0,0,0,0,0,0,0,0,0,0,0,0,0,0,0,0,0,32,0
20,9,7,262,0,0,0,0,0,6,0,0,0,0,0,0,0,0,0,0,0,0,0,0,0,0,0,0,0,0,0,0,32,0
20,9,8,263,206,0,0,0,0,6,0,0,0,0,0,0,0,0,0,0,0,0,0,0,0,0,0,0,0,0,0,0,32,0
20,9,9,264,205,0,0,0,0,4,0,0,0,0,0,0,0,0,0,0,0,0,0,0,0,0,0,0,0,0,0,0,32,0
20,9,10,265,205,0,0,0,0,1,0,0,0,0,0,0,0,0,0,0,0,0,0,0,0,0,0,0,0,0,0,0,32,0
20,9,11,274,205,0,0,0,0,4,0,0,0,0,0,0,0,0,0,0,0,0,0,0,0,0,0,0,0,0,0,0,32,0
20,9,12,278,206,38,0,0,0,4,0,100,0,0,0,0,0,0,0,0,0,0,0,0,0,0,0,0,0,0,0,0,0,0
20,9,13,278,206,39,0,0,0,4,1,100,0,0,0,0,0,0,0,0,0,0,0,0,0,0,0,0,0,0,0,0,0,0
20,9,14,278,206,0,0,0,0,4,2,100,0,0,0,0,0,0,0,0,0,0,0,0,0,0,0,0,0,0,0,0,0,0
20,9,15,278,206,0,0,0,0,4,3,100,0,0,0,0,0,0,0,0,0,0,0,0,0,0,0,0,0,0,0,0,0,0
20,9,16,261,205,110,0,0,0,4,0,0,0,0,0,0,0,0,0,0,0,0,1,1,2,1,0,0,0,0,0,0,0,0
20,9,17,266,205,0,0,0,0,4,4,3,20,1,0,0,0,0,0,0,0,1,5,1,0,0,0,0,0,0,0,0,0,0
20,9,19,261,205,36,0,0,0,4,0,2,0,0,0,0,0,0,0,0,0,0,5,1,6,1,0,0,0,0,0,0,0,0
20,9,20,275,205,0,0,0,0,0,0,0,0,0,0,0,0,0,0,0,0,0,0,0,0,0,0,0,0,0,0,0,0,0
20,1,1,48,0,0,1,64,4,72,0,0,0,0,6,6,113,113,113,113,0,0,0,0,0,0,0,0,0,0,0,0,0,0
20,1,2,20,16,0,3,0,0,64,0,0,0,0,1,6,100,100,100,100,0,0,0,0,0,0,0,0,0,0,0,0,0,0
20,1,3,20,16,0,3,0,0,64,0,0,0,0,1,6,100,100,100,100,0,0,0,0,0,0,0,0,0,0,0,0,0,0
20,1,4,31,23,4,0,0,0,1,0,0,0,0,0,0,0,0,0,0,0,0,0,0,0,0,0,0,0,0,0,0,0,0
20,1,5,20,23,0,3,0,0,64,0,0,0,0,1,6,100,100,100,100,0,0,0,0,0,0,0,0,0,0,0,0,0,0
20,1,6,20,23,0,3,0,0,64,0,0,0,0,1,6,100,100,100,100,0,0,0,0,0,0,0,0,0,0,0,0,0,0
20,1,7,20,23,0,3,0,0,64,0,0,0,0,1,6,100,100,100,100,0,0,0,0,0,0,0,0,0,0,0,0,0,0
20,1,8,20,23,0,3,0,0,64,0,0,0,0,1,6,100,100,100,100,0,0,0,0,0,0,0,0,0,0,0,0,0,0
20,1,9,48,0,0,1,64,4,72,0,0,0,0,6,6,113,113,113,113,0,0,0,0,0,0,0,0,0,0,0,0,0,0
20,1,10,48,0,0,1,64,4,72,0,0,0,0,6,6,113,113,113,113,0,0,0,0,0,0,0,0,0,0,0,0,0,0
20,1,11,20,23,0,3,0,0,64,0,0,0,0,1,6,100,100,100,100,0,0,0,0,0,0,0,0,0,0,0,0,0,0
20,1,12,20,23,0,3,0,0,64,0,0,0,0,1,6,100,100,100,100,0,0,0,0,0,0,0,0,0,0,0,0,0,0
20,1,13,31,23,4,0,0,0,1,0,0,0,0,0,0,0,0,0,0,0,0,0,0,0,0,0,0,0,0,0,0,0,0
20,1,14,20,23,0,3,0,0,64,0,0,0,0,1,6,100,100,100,100,0,0,0,0,0,0,0,0,0,0,0,0,0,0
20,1,15,8,23,0,0,0,8,64,0,0,0,0,0,0,0,0,0,0,0,0,0,0,6,0,0,0,0,0,0,0,0,0
20,1,16,20,15,0,3,0,0,64,0,0,0,0,1,6,100,100,100,100,0,0,0,0,0,0,0,0,0,0,0,0,0,0
20,1,17,8,21,0,0,0,8,64,0,0,0,0,0,0,0,0,0,0,0,0,0,0,6,0,0,0,0,0,0,0,0,0
20,1,18,20,21,0,3,0,0,64,0,0,0,0,1,6,100,100,100,100,0,0,0,0,0,0,0,0,0,0,0,0,0,0
20,1,19,8,22,0,0,0,22,64,0,0,0,0,0,0,0,0,0,0,0,0,0,0,6,0,0,0,0,0,0,0,0,0
20,1,20,31,21,4,0,0,0,1,0,0,0,0,0,0,0,0,0,0,0,0,0,0,0,0,0,0,0,0,0,0,0,0
20,1,21,20,21,0,3,0,0,64,0,0,0,0,1,6,100,100,100,100,0,0,0,0,0,0,0,0,0,0,0,0,0,0
20,1,22,20,21,0,3,0,0,64,0,0,0,0,1,6,100,100,100,100,0,0,0,0,0,0,0,0,0,0,0,0,0,0
20,1,23,20,21,0,3,0,0,64,0,0,0,0,1,6,100,100,100,100,0,0,0,0,0,0,0,0,0,0,0,0,0,0
20,1,24,20,21,0,3,0,0,64,0,0,0,0,1,6,100,100,100,100,0,0,0,0,0,0,0,0,0,0,0,0,0,0
20,1,26,20,21,0,3,0,0,64,0,0,0,0,1,6,100,100,100,100,0,0,0,0,0,0,0,0,0,0,0,0,0,0
20,1,27,20,21,0,3,0,0,64,0,0,0,0,1,6,100,100,100,100,0,0,0,0,0,0,0,0,0,0,0,0,0,0
20,1,28,20,21,0,3,0,0,64,0,0,0,0,1,6,100,100,100,100,0,0,0,0,0,0,0,0,0,0,0,0,0,0
20,1,29,20,21,0,3,0,0,64,0,0,0,0,1,6,100,100,100,100,0,0,0,0,0,0,0,0,0,0,0,0,0,0
20,1,30,20,21,0,3,0,0,64,0,0,0,0,1,6,100,100,100,100,0,0,0,0,0,0,0,0,0,0,0,0,0,0
20,1,31,20,21,0,3,0,0,64,0,0,0,0,1,6,100,100,100,100,0,0,0,0,0,0,0,0,0,0,0,0,0,0
20,1,32,20,21,0,3,0,0,64,0,0,0,0,1,6,100,100,100,100,0,0,0,0,0,0,0,0,0,0,0,0,0,0
20,1,33,20,21,0,3,0,0,64,0,0,0,0,1,6,100,100,100,100,0,0,0,0,0,0,0,0,0,0,0,0,0,0
20,1,34,20,21,0,3,0,0,64,0,0,0,0,1,6,100,100,100,100,0,0,0,0,0,0,0,0,0,0,0,0,0,0
20,1,35,20,21,0,3,0,0,64,0,0,0,0,1,6,100,100,100,100,0,0,0,0,0,0,0,0,0,0,0,0,0,0
20,1,36,20,21,0,3,0,0,64,0,0,0,0,1,6,100,100,100,100,0,0,0,0,0,0,0,0,0,0,0,0,0,0
20,1,37,20,21,0,3,0,0,64,0,0,0,0,1,6,100,100,100,100,0,0,0,0,0,0,0,0,0,0,0,0,0,0
20,1,38,20,21,0,3,0,0,64,0,0,0,0,1,6,100,100,100,100,0,0,0,0,0,0,0,0,0,0,0,0,0,0
20,1,39,20,14,0,3,0,0,64,0,0,0,0,1,6,100,100,100,100,0,0,0,0,0,0,0,0,0,0,0,0,0,0
20,1,40,20,21,0,3,0,0,64,0,0,0,0,1,6,100,100,100,100,0,0,0,0,0,0,0,0,0,0,0,0,0,0
20,1,41,31,21,4,0,0,0,1,0,0,0,0,0,0,0,0,0,0,0,0,0,0,0,0,0,0,0,0,0,0,0,0
20,1,42,20,21,0,3,0,0,64,0,0,0,0,1,6,100,100,100,100,0,0,0,0,0,0,0,0,0,0,0,0,0,0
20,1,43,20,21,0,3,0,0,64,0,0,0,0,1,6,100,100,100,100,0,0,0,0,0,0,0,0,0,0,0,0,0,0
20,1,44,20,21,0,3,0,0,64,0,0,0,0,1,6,100,100,100,100,0,0,0,0,0,0,0,0,0,0,0,0,0,0
20,1,45,20,21,0,3,0,0,64,0,0,0,0,1,6,100,100,100,100,0,0,0,0,0,0,0,0,0,0,0,0,0,0
20,1,46,20,21,0,3,0,0,64,0,0,0,0,1,6,100,100,100,100,0,0,0,0,0,0,0,0,0,0,0,0,0,0
20,1,47,20,21,0,3,0,0,64,0,0,0,0,1,6,100,100,100,100,0,0,0,0,0,0,0,0,0,0,0,0,0,0
20,1,48,20,21,0,3,0,0,64,0,0,0,0,1,6,100,100,100,100,0,0,0,0,0,0,0,0,0,0,0,0,0,0
20,1,49,20,21,0,3,0,0,64,0,0,0,0,1,6,100,100,100,100,0,0,0,0,0,0,0,0,0,0,0,0,0,0
20,1,50,20,21,0,3,0,0,64,0,0,0,0,1,6,100,100,100,100,0,0,0,0,0,0,0,0,0,0,0,0,0,0
20,1,51,20,21,0,3,0,0,64,0,0,0,0,1,6,100,100,100,100,0,0,0,0,0,0,0,0,0,0,0,0,0,0
20,1,52,20,23,0,3,0,0,64,0,0,0,0,1,6,100,100,100,100,0,0,0,0,0,0,0,0,0,0,0,0,0,0
20,1,53,20,23,0,3,0,0,64,0,0,0,0,1,6,100,100,100,100,0,0,0,0,0,0,0,0,0,0,0,0,0,0
20,1,54,20,23,0,3,0,0,64,0,0,0,0,1,6,100,100,100,100,0,0,0,0,0,0,0,0,0,0,0,0,0,0
20,1,55,20,23,0,3,0,0,64,0,0,0,0,1,6,100,100,100,100,0,0,0,0,0,0,0,0,0,0,0,0,0,0
20,1,56,20,23,0,3,0,0,64,0,0,0,0,1,6,100,100,100,100,0,0,0,0,0,0,0,0,0,0,0,0,0,0
20,1,57,20,23,0,3,0,0,64,0,0,0,0,1,6,100,100,100,100,0,0,0,0,0,0,0,0,0,0,0,0,0,0
20,1,58,20,16,0,3,0,0,64,0,0,0,0,1,6,100,100,100,100,0,0,0,0,0,0,0,0,0,0,0,0,0,0
20,1,59,31,22,4,0,0,0,1,0,0,0,0,0,0,0,0,0,0,0,0,0,0,0,0,0,0,0,0,0,0,0,0
20,1,60,20,22,0,3,0,0,64,0,0,0,0,1,6,100,100,100,100,0,0,0,0,0,0,0,0,0,0,0,0,0,0
20,1,61,24,22,0,3,0,0,64,0,0,0,0,1,6,100,100,100,100,0,0,0,0,0,0,0,0,0,0,0,0,0,0
20,1,62,20,22,0,3,0,0,64,0,0,0,0,1,6,100,100,100,100,0,0,0,0,0,0,0,0,0,0,0,0,0,0
20,1,63,20,22,0,3,0,0,64,0,0,0,0,1,6,100,100,100,100,0,0,0,0,0,0,0,0,0,0,0,0,0,0
20,1,64,20,22,0,3,0,0,64,0,0,0,0,1,6,100,100,100,100,0,0,0,0,0,0,0,0,0,0,0,0,0,0
20,1,65,24,22,0,3,0,0,64,0,0,0,0,1,6,100,100,100,100,0,0,0,0,0,0,0,0,0,0,0,0,0,0
20,1,66,20,22,0,3,0,0,64,0,0,0,0,1,6,100,100,100,100,0,0,0,0,0,0,0,0,0,0,0,0,0,0
20,1,67,24,22,0,3,0,0,64,0,0,0,0,1,6,100,100,100,100,0,0,0,0,0,0,0,0,0,0,0,0,0,0
20,1,68,24,22,0,3,0,0,64,0,0,0,0,1,6,100,100,100,100,0,0,0,0,0,0,0,0,0,0,0,0,0,0
20,1,69,20,22,0,3,0,0,64,0,0,0,0,1,6,100,100,100,100,0,0,0,0,0,0,0,0,0,0,0,0,0,0
20,1,70,31,22,4,0,0,0,1,0,0,0,0,0,0,0,0,0,0,0,0,0,0,0,0,0,0,0,0,0,0,0,0
20,1,71,8,1,0,0,0,31,64,0,64,0,64,0,64,0,0,0,0,0,0,0,0,6,0,0,0,0,0,0,0,0,0
20,1,72,8,1,0,0,0,32,64,0,64,0,64,0,64,0,0,0,0,0,0,0,0,6,0,0,0,0,0,0,0,0,0
20,1,84,20,1,0,37,0,0,64,0,0,0,0,1,6,100,100,100,100,0,0,0,0,0,0,0,0,0,0,0,0,0,0
20,1,85,184,1,0,37,0,0,64,0,0,0,0,1,6,3,3,3,3,5,0,0,0,0,0,0,0,0,0,0,0,0,0
20,1,86,8,1,0,0,0,30,64,0,64,0,64,0,64,0,0,0,0,0,0,0,0,6,0,0,0,0,0,0,0,0,0
20,1,87,4,1,0,30,64,1,72,0,0,0,0,6,6,0,0,0,0,0,0,0,0,0,0,0,0,0,0,0,0,0,0
20,1,88,17,1,0,0,0,37,0,0,0,0,0,0,0,0,0,0,0,0,0,0,0,10,0,0,0,0,0,0,0,0,0
20,1,100,16,1,0,3,0,0,0,0,0,0,0,1,0,0,0,0,0,0,0,0,0,0,0,0,0,0,0,0,0,0,0
20,1,101,16,3,0,7,0,0,0,0,0,0,0,1,0,0,0,0,0,0,0,0,0,0,0,0,0,0,0,0,0,0,0
20,1,102,16,6,0,1,0,0,0,0,0,0,0,1,0,0,0,0,0,0,0,0,0,0,0,0,0,0,0,0,0,0,0
20,1,103,20,1,0,1,0,0,64,0,0,0,0,1,6,100,100,100,100,0,0,0,0,0,0,0,0,0,0,0,0,0,0
20,2,1,20,20,0,3,0,0,64,0,0,0,0,1,6,100,100,100,100,0,0,0,0,0,0,0,0,0,0,0,0,0,0
20,2,2,20,20,0,3,0,0,64,0,0,0,0,1,6,100,100,100,100,0,0,0,0,0,0,0,0,0,0,0,0,0,0
20,2,3,48,0,0,1,64,4,72,0,0,0,0,6,6,113,113,113,113,0,0,0,0,0,0,0,0,0,0,0,0,0,0
20,2,4,20,20,0,3,0,0,64,0,0,0,0,1,6,100,100,100,100,0,0,0,0,0,0,0,0,0,0,0,0,0,0
20,2,5,20,20,0,3,0,0,64,0,0,0,0,1,6,100,100,100,100,0,0,0,0,0,0,0,0,0,0,0,0,0,0
20,2,6,20,19,0,3,0,0,64,0,0,0,0,1,6,100,100,100,100,0,0,0,0,0,0,0,0,0,0,0,0,0,0
20,2,7,20,20,0,3,0,0,64,0,0,0,0,1,6,100,100,100,100,0,0,0,0,0,0,0,0,0,0,0,0,0,0
20,2,8,20,20,0,3,0,0,64,0,0,0,0,1,6,100,100,100,100,0,0,0,0,0,0,0,0,0,0,0,0,0,0
20,2,9,20,20,0,3,0,0,64,0,0,0,0,1,6,100,100,100,100,0,0,0,0,0,0,0,0,0,0,0,0,0,0
20,2,10,20,19,0,3,0,0,64,0,0,0,0,1,6,100,100,100,100,0,0,0,0,0,0,0,0,0,0,0,0,0,0
20,2,11,20,20,0,3,0,0,64,0,0,0,0,1,6,100,100,100,100,0,0,0,0,0,0,0,0,0,0,0,0,0,0
20,2,12,20,20,0,3,0,0,64,0,0,0,0,1,6,100,100,100,100,0,0,0,0,0,0,0,0,0,0,0,0,0,0
20,2,13,20,19,0,3,0,0,64,0,0,0,0,1,6,100,100,100,100,0,0,0,0,0,0,0,0,0,0,0,0,0,0
20,2,14,20,19,0,3,0,0,64,0,0,0,0,1,6,100,100,100,100,0,0,0,0,0,0,0,0,0,0,0,0,0,0
20,2,15,20,19,0,3,0,0,64,0,0,0,0,1,6,100,100,100,100,0,0,0,0,0,0,0,0,0,0,0,0,0,0
20,2,16,20,19,0,3,0,0,64,0,0,0,0,1,6,100,100,100,100,0,0,0,0,0,0,0,0,0,0,0,0,0,0
20,2,17,48,0,0,1,64,4,72,0,0,0,0,6,6,113,113,113,113,0,0,0,0,0,0,0,0,0,0,0,0,0,0
20,2,18,20,19,0,3,0,0,64,0,0,0,0,1,6,100,100,100,100,0,0,0,0,0,0,0,0,0,0,0,0,0,0
20,2,19,48,0,0,1,64,4,72,0,0,0,0,6,6,113,113,113,113,0,0,0,0,0,0,0,0,0,0,0,0,0,0
20,2,20,48,0,0,1,64,4,72,0,0,0,0,6,6,113,113,113,113,0,0,0,0,0,0,0,0,0,0,0,0,0,0
20,2,21,20,19,0,3,0,0,64,0,0,0,0,1,6,100,100,100,100,0,0,0,0,0,0,0,0,0,0,0,0,0,0
20,2,22,20,19,0,3,0,0,64,0,0,0,0,1,6,100,100,100,100,0,0,0,0,0,0,0,0,0,0,0,0,0,0
20,2,23,20,19,0,3,0,0,64,0,0,0,0,1,6,100,100,100,100,0,0,0,0,0,0,0,0,0,0,0,0,0,0
20,2,24,20,19,0,3,0,0,64,0,0,0,0,1,6,100,100,100,100,0,0,0,0,0,0,0,0,0,0,0,0,0,0
20,2,25,31,19,4,0,0,0,1,0,0,0,0,0,0,0,0,0,0,0,0,0,0,0,0,0,0,0,0,0,0,0,0
20,2,26,20,20,0,3,0,0,64,0,0,0,0,1,6,100,100,100,100,0,0,0,0,0,0,0,0,0,0,0,0,0,0
20,2,27,20,20,0,3,0,0,64,0,0,0,0,1,6,100,100,100,100,0,0,0,0,0,0,0,0,0,0,0,0,0,0
20,2,28,20,20,0,3,0,0,64,0,0,0,0,1,6,100,100,100,100,0,0,0,0,0,0,0,0,0,0,0,0,0,0
20,2,29,20,20,0,3,0,0,64,0,0,0,0,1,6,100,100,100,100,0,0,0,0,0,0,0,0,0,0,0,0,0,0
20,2,30,20,20,0,3,0,0,64,0,0,0,0,1,6,100,100,100,100,0,0,0,0,0,0,0,0,0,0,0,0,0,0
20,2,31,20,20,0,3,0,0,64,0,0,0,0,1,6,100,100,100,100,0,0,0,0,0,0,0,0,0,0,0,0,0,0
20,2,32,20,20,0,3,0,0,64,0,0,0,0,1,6,100,100,100,100,0,0,0,0,0,0,0,0,0,0,0,0,0,0
20,2,33,31,20,4,0,0,0,1,0,0,0,0,0,0,0,0,0,0,0,0,0,0,0,0,0,0,0,0,0,0,0,0
20,2,34,20,0,0,3,0,0,64,0,0,0,0,1,6,100,100,100,100,0,0,0,0,0,0,0,0,0,0,0,0,0,0
20,2,35,48,0,0,1,64,4,72,0,0,0,0,6,6,113,113,113,113,0,0,0,0,0,0,0,0,0,0,0,0,0,0
20,2,36,48,0,0,1,64,4,72,0,0,0,0,6,6,113,113,113,113,0,0,0,0,0,0,0,0,0,0,0,0,0,0
20,2,37,20,20,0,3,0,0,64,0,0,0,0,1,6,100,100,100,100,0,0,0,0,0,0,0,0,0,0,0,0,0,0
20,2,38,31,20,4,0,0,0,1,0,0,0,0,0,0,0,0,0,0,0,0,0,0,0,0,0,0,0,0,0,0,0,0
20,2,39,20,19,0,3,0,0,64,0,0,0,0,1,6,100,100,100,100,0,0,0,0,0,0,0,0,0,0,0,0,0,0
20,2,40,20,19,0,3,0,0,64,0,0,0,0,1,6,100,100,100,100,0,0,0,0,0,0,0,0,0,0,0,0,0,0
20,2,41,20,19,0,3,0,0,64,0,0,0,0,1,6,100,100,100,100,0,0,0,0,0,0,0,0,0,0,0,0,0,0
20,2,42,20,19,0,3,0,0,64,0,0,0,0,1,6,100,100,100,100,0,0,0,0,0,0,0,0,0,0,0,0,0,0
20,2,43,20,13,0,3,0,0,64,0,0,0,0,1,6,100,100,100,100,0,0,0,0,0,0,0,0,0,0,0,0,0,0
20,2,44,20,19,0,3,0,0,64,0,0,0,0,1,6,100,100,100,100,0,0,0,0,0,0,0,0,0,0,0,0,0,0
20,2,45,20,19,0,3,0,0,64,0,0,0,0,1,6,100,100,100,100,0,0,0,0,0,0,0,0,0,0,0,0,0,0
20,2,46,20,19,0,3,0,0,64,0,0,0,0,1,6,100,100,100,100,0,0,0,0,0,0,0,0,0,0,0,0,0,0
20,2,47,20,19,0,3,0,0,64,0,0,0,0,1,6,100,100,100,100,0,0,0,0,0,0,0,0,0,0,0,0,0,0
20,2,48,20,19,0,3,0,0,64,0,0,0,0,1,6,100,100,100,100,0,0,0,0,0,0,0,0,0,0,0,0,0,0
20,2,49,20,19,0,3,0,0,64,0,0,0,0,1,6,100,100,100,100,0,0,0,0,0,0,0,0,0,0,0,0,0,0
20,2,50,20,19,0,3,0,0,64,0,0,0,0,1,6,100,100,100,100,0,0,0,0,0,0,0,0,0,0,0,0,0,0
20,2,51,20,19,0,3,0,0,64,0,0,0,0,1,6,100,100,100,100,0,0,0,0,0,0,0,0,0,0,0,0,0,0
20,2,52,20,19,0,3,0,0,64,0,0,0,0,1,6,100,100,100,100,0,0,0,0,0,0,0,0,0,0,0,0,0,0
20,2,53,20,19,0,3,0,0,64,0,0,0,0,1,6,100,100,100,100,0,0,0,0,0,0,0,0,0,0,0,0,0,0
20,2,55,20,19,0,3,0,0,64,0,0,0,0,1,6,100,100,100,100,0,0,0,0,0,0,0,0,0,0,0,0,0,0
20,2,56,20,18,0,3,0,0,64,0,0,0,0,1,6,100,100,100,100,0,0,0,0,0,0,0,0,0,0,0,0,0,0
20,2,57,20,18,0,3,0,0,64,0,0,0,0,1,6,100,100,100,100,0,0,0,0,0,0,0,0,0,0,0,0,0,0
20,2,58,20,19,0,3,0,0,64,0,0,0,0,1,6,100,100,100,100,0,0,0,0,0,0,0,0,0,0,0,0,0,0
20,2,59,20,19,0,3,0,0,64,0,0,0,0,1,6,100,100,100,100,0,0,0,0,0,0,0,0,0,0,0,0,0,0
20,2,60,20,19,0,3,0,0,64,0,0,0,0,1,6,100,100,100,100,0,0,0,0,0,0,0,0,0,0,0,0,0,0
20,2,61,31,18,4,0,0,0,1,0,0,0,0,0,0,0,0,0,0,0,0,0,0,0,0,0,0,0,0,0,0,0,0
20,2,62,20,19,0,3,0,0,64,0,0,0,0,1,6,100,100,100,100,0,0,0,0,0,0,0,0,0,0,0,0,0,0
20,2,63,31,19,4,0,0,0,1,0,0,0,0,0,0,0,0,0,0,0,0,0,0,0,0,0,0,0,0,0,0,0,0
20,2,64,20,18,0,3,0,0,64,0,0,0,0,1,6,100,100,100,100,0,0,0,0,0,0,0,0,0,0,0,0,0,0
20,2,65,20,18,0,3,0,0,64,0,0,0,0,1,6,100,100,100,100,0,0,0,0,0,0,0,0,0,0,0,0,0,0
20,2,66,20,19,0,3,0,0,64,0,0,0,0,1,6,100,100,100,100,0,0,0,0,0,0,0,0,0,0,0,0,0,0
20,2,67,8,19,0,0,0,8,64,0,0,0,0,0,0,0,0,0,0,0,0,0,0,6,0,0,0,0,0,0,0,0,0
20,2,68,20,12,0,3,0,0,64,0,0,0,0,1,6,100,100,100,100,0,0,0,0,0,0,0,0,0,0,0,0,0,0
20,2,69,20,20,0,3,0,0,64,0,0,0,0,1,6,100,100,100,100,0,0,0,0,0,0,0,0,0,0,0,0,0,0
20,2,70,20,20,0,3,0,0,64,0,0,0,0,1,6,100,100,100,100,0,0,0,0,0,0,0,0,0,0,0,0,0,0
20,2,71,20,20,0,3,0,0,64,0,0,0,0,1,6,100,100,100,100,0,0,0,0,0,0,0,0,0,0,0,0,0,0
20,2,72,20,19,0,3,0,0,64,0,0,0,0,1,6,100,100,100,100,0,0,0,0,0,0,0,0,0,0,0,0,0,0
20,2,73,20,19,0,3,0,0,64,0,0,0,0,1,6,100,100,100,100,0,0,0,0,0,0,0,0,0,0,0,0,0,0
20,2,74,20,19,0,3,0,0,64,0,0,0,0,1,6,100,100,100,100,0,0,0,0,0,0,0,0,0,0,0,0,0,0
20,2,75,20,19,0,3,0,0,64,0,0,0,0,1,6,100,100,100,100,0,0,0,0,0,0,0,0,0,0,0,0,0,0
20,2,76,20,20,0,3,0,0,64,0,0,0,0,1,6,100,100,100,100,0,0,0,0,0,0,0,0,0,0,0,0,0,0
20,2,77,20,18,0,3,0,0,64,0,0,0,0,1,6,100,100,100,100,0,0,0,0,0,0,0,0,0,0,0,0,0,0
20,2,78,20,18,0,3,0,0,64,0,0,0,0,1,6,100,100,100,100,0,0,0,0,0,0,0,0,0,0,0,0,0,0
20,2,79,20,20,0,3,0,0,64,0,0,0,0,1,6,100,100,100,100,0,0,0,0,0,0,0,0,0,0,0,0,0,0
20,2,80,20,20,0,3,0,0,64,0,0,0,0,1,6,100,100,100,100,0,0,0,0,0,0,0,0,0,0,0,0,0,0
20,2,81,20,20,0,3,0,0,64,0,0,0,0,1,6,100,100,100,100,0,0,0,0,0,0,0,0,0,0,0,0,0,0
20,2,82,20,19,0,3,0,0,64,0,0,0,0,1,6,100,100,100,100,0,0,0,0,0,0,0,0,0,0,0,0,0,0
20,2,83,20,19,0,3,0,0,64,0,0,0,0,1,6,100,100,100,100,0,0,0,0,0,0,0,0,0,0,0,0,0,0
20,2,84,20,19,0,3,0,0,64,0,0,0,0,1,6,100,100,100,100,0,0,0,0,0,0,0,0,0,0,0,0,0,0
20,2,85,8,26,0,0,0,104,64,0,0,0,0,0,0,0,0,0,0,0,0,0,0,6,0,0,0,0,0,0,0,0,0
20,3,1,20,16,0,3,0,0,64,0,0,0,0,1,6,100,100,100,100,0,0,0,0,0,0,0,0,0,0,0,0,0,0
20,3,2,8,16,0,0,0,26,64,0,0,0,0,0,0,0,0,0,0,0,0,0,0,6,0,0,0,0,0,0,0,0,0
20,3,3,20,16,0,3,0,0,64,0,0,0,0,1,6,100,100,100,100,0,0,0,0,0,0,0,0,0,0,0,0,0,0
20,3,4,20,35,0,3,0,0,64,0,0,0,0,1,6,100,100,100,100,0,0,0,0,0,0,0,0,0,0,0,0,0,0
20,3,5,31,29,4,0,0,0,1,0,0,0,0,0,0,0,0,0,0,0,0,0,0,0,0,0,0,0,0,0,0,0,0
20,3,6,20,29,0,3,0,0,64,0,0,0,0,1,6,100,100,100,100,0,0,0,0,0,0,0,0,0,0,0,0,0,0
20,3,7,20,29,0,3,0,0,64,0,0,0,0,1,6,100,100,100,100,0,0,0,0,0,0,0,0,0,0,0,0,0,0
20,3,8,20,29,0,3,0,0,64,0,0,0,0,1,6,100,100,100,100,0,0,0,0,0,0,0,0,0,0,0,0,0,0
20,3,9,20,29,0,3,0,0,64,0,0,0,0,1,6,100,100,100,100,0,0,0,0,0,0,0,0,0,0,0,0,0,0
20,3,10,8,29,0,0,0,1,64,0,0,0,0,0,0,0,0,0,0,0,0,0,0,6,0,0,0,0,0,0,0,0,0
20,3,11,20,29,0,3,0,0,64,0,0,0,0,1,6,100,100,100,100,0,0,0,0,0,0,0,0,0,0,0,0,0,0
20,3,12,20,29,0,3,0,0,64,0,0,0,0,1,6,100,100,100,100,0,0,0,0,0,0,0,0,0,0,0,0,0,0
20,3,13,48,29,0,1,64,4,72,0,0,0,0,6,6,113,113,113,113,0,0,0,0,0,0,0,0,0,0,0,0,0,0
20,3,14,20,29,0,3,0,0,64,0,0,0,0,1,6,100,100,100,100,0,0,0,0,0,0,0,0,0,0,0,0,0,0
20,3,15,24,29,0,3,0,0,64,0,0,0,0,1,6,100,100,100,100,0,0,0,0,0,0,0,0,0,0,0,0,0,0
20,3,16,20,29,0,3,0,0,64,0,0,0,0,1,6,100,100,100,100,0,0,0,0,0,0,0,0,0,0,0,0,0,0
20,3,17,8,29,0,0,0,1,64,0,0,0,0,0,0,0,0,0,0,0,0,0,0,6,0,0,0,0,0,0,0,0,0
20,3,18,20,29,0,3,0,0,64,0,0,0,0,1,6,100,100,100,100,0,0,0,0,0,0,0,0,0,0,0,0,0,0
20,3,19,20,29,0,3,0,0,64,0,0,0,0,1,6,100,100,100,100,0,0,0,0,0,0,0,0,0,0,0,0,0,0
20,3,20,48,29,0,1,64,4,72,0,0,0,0,6,6,113,113,113,113,0,0,0,0,0,0,0,0,0,0,0,0,0,0
20,3,21,20,29,0,3,0,0,64,0,0,0,0,1,6,100,100,100,100,0,0,0,0,0,0,0,0,0,0,0,0,0,0
20,3,22,20,29,0,3,0,0,64,0,0,0,0,1,6,100,100,100,100,0,0,0,0,0,0,0,0,0,0,0,0,0,0
20,3,23,20,29,0,3,0,0,64,0,0,0,0,1,6,100,100,100,100,0,0,0,0,0,0,0,0,0,0,0,0,0,0
20,3,24,20,15,0,3,0,0,64,0,0,0,0,1,6,100,100,100,100,0,0,0,0,0,0,0,0,0,0,0,0,0,0
20,3,25,31,15,4,0,0,0,1,0,0,0,0,0,0,0,0,0,0,0,0,0,0,0,0,0,0,0,0,0,0,0,0
20,3,26,8,28,0,0,0,24,64,0,0,0,0,0,0,0,0,0,0,0,0,0,0,6,0,0,0,0,0,0,0,0,0
20,3,27,20,27,0,3,0,0,64,0,0,0,0,1,6,100,100,100,100,0,0,0,0,0,0,0,0,0,0,0,0,0,0
20,3,28,20,34,0,3,0,0,64,0,0,0,0,1,6,100,100,100,100,0,0,0,0,0,0,0,0,0,0,0,0,0,0
20,3,29,20,27,0,3,0,0,64,0,0,0,0,1,6,100,100,100,100,0,0,0,0,0,0,0,0,0,0,0,0,0,0
20,3,30,8,27,0,0,0,1,64,0,0,0,0,0,0,0,0,0,0,0,0,0,0,6,0,0,0,0,0,0,0,0,0
20,3,31,8,27,0,0,0,1,64,0,0,0,0,0,0,0,0,0,0,0,0,0,0,6,0,0,0,0,0,0,0,0,0
20,3,32,20,27,0,3,0,0,64,0,0,0,0,1,6,100,100,100,100,0,0,0,0,0,0,0,0,0,0,0,0,0,0
20,3,33,20,27,0,3,0,0,64,0,0,0,0,1,6,100,100,100,100,0,0,0,0,0,0,0,0,0,0,0,0,0,0
20,3,34,8,27,0,0,0,1,64,0,0,0,0,0,0,0,0,0,0,0,0,0,0,6,0,0,0,0,0,0,0,0,0
20,3,35,8,27,0,0,0,1,64,0,0,0,0,0,0,0,0,0,0,0,0,0,0,6,0,0,0,0,0,0,0,0,0
20,3,36,20,27,0,3,0,0,64,0,0,0,0,1,6,100,100,100,100,0,0,0,0,0,0,0,0,0,0,0,0,0,0
20,3,37,20,27,0,3,0,0,64,0,0,0,0,1,6,100,100,100,100,0,0,0,0,0,0,0,0,0,0,0,0,0,0
20,3,38,20,26,0,3,0,0,64,0,0,0,0,1,6,100,100,100,100,0,0,0,0,0,0,0,0,0,0,0,0,0,0
20,3,39,20,26,0,3,0,0,64,0,0,0,0,1,6,100,100,100,100,0,0,0,0,0,0,0,0,0,0,0,0,0,0
20,3,40,20,26,0,3,0,0,64,0,0,0,0,1,6,100,100,100,100,0,0,0,0,0,0,0,0,0,0,0,0,0,0
20,3,41,20,26,0,3,0,0,64,0,0,0,0,1,6,100,100,100,100,0,0,0,0,0,0,0,0,0,0,0,0,0,0
20,3,42,20,26,0,3,0,0,64,0,0,0,0,1,6,100,100,100,100,0,0,0,0,0,0,0,0,0,0,0,0,0,0
20,3,43,20,26,0,3,0,0,64,0,0,0,0,1,6,100,100,100,100,0,0,0,0,0,0,0,0,0,0,0,0,0,0
20,3,44,20,26,0,3,0,0,64,0,0,0,0,1,6,100,100,100,100,0,0,0,0,0,0,0,0,0,0,0,0,0,0
20,3,45,20,26,0,3,0,0,64,0,0,0,0,1,6,100,100,100,100,0,0,0,0,0,0,0,0,0,0,0,0,0,0
20,3,46,20,26,0,3,0,0,64,0,0,0,0,1,6,100,100,100,100,0,0,0,0,0,0,0,0,0,0,0,0,0,0
20,3,47,20,26,0,3,0,0,64,0,0,0,0,1,6,100,100,100,100,0,0,0,0,0,0,0,0,0,0,0,0,0,0
20,3,48,48,27,0,1,64,4,72,0,0,0,0,6,6,113,113,113,113,0,0,0,0,0,0,0,0,0,0,0,0,0,0
20,3,49,48,27,0,1,64,4,72,0,0,0,0,6,6,113,113,113,113,0,0,0,0,0,0,0,0,0,0,0,0,0,0
20,3,52,20,27,0,3,0,0,64,0,0,0,0,1,6,100,100,100,100,0,0,0,0,0,0,0,0,0,0,0,0,0,0
20,3,53,31,26,4,0,0,0,1,0,0,0,0,0,0,0,0,0,0,0,0,0,0,0,0,0,0,0,0,0,0,0,0
20,3,54,48,26,0,1,64,4,72,0,0,0,0,6,6,113,113,113,113,0,0,0,0,0,0,0,0,0,0,0,0,0,0
20,3,55,20,26,0,3,0,0,64,0,0,0,0,1,6,100,100,100,100,0,0,0,0,0,0,0,0,0,0,0,0,0,0
20,3,56,20,30,0,3,0,0,64,0,0,0,0,1,6,100,100,100,100,0,0,0,0,0,0,0,0,0,0,0,0,0,0
20,3,57,8,30,0,0,0,105,64,0,0,0,0,0,0,0,0,0,0,0,0,0,0,6,0,0,0,0,0,0,0,0,0
20,3,58,248,30,4,0,0,0,1,0,0,0,0,0,0,0,0,0,0,0,0,0,0,0,0,0,0,0,0,0,0,0,0
20,3,59,48,30,0,1,64,4,72,0,0,0,0,6,6,113,113,113,113,0,0,0,0,0,0,0,0,0,0,0,0,0,0
20,3,60,20,30,0,3,0,0,64,0,0,0,0,1,6,100,100,100,100,0,0,0,0,0,0,0,0,0,0,0,0,0,0
20,3,61,31,30,4,0,0,0,1,0,0,0,0,0,0,0,0,0,0,0,0,0,0,0,0,0,0,0,0,0,0,0,0
20,3,62,20,30,0,3,0,0,64,0,0,0,0,1,6,100,100,100,100,0,0,0,0,0,0,0,0,0,0,0,0,0,0
20,3,63,8,30,0,0,0,7,64,0,0,0,0,0,0,0,0,0,0,0,0,0,0,6,0,0,0,0,0,0,0,0,0
20,3,64,248,30,4,0,0,0,1,0,0,0,0,0,0,0,0,0,0,0,0,0,0,0,0,0,0,0,0,0,0,0,0
20,3,65,48,30,0,1,64,4,72,0,0,0,0,6,6,113,113,113,113,0,0,0,0,0,0,0,0,0,0,0,0,0,0
20,3,66,20,30,0,3,0,0,64,0,0,0,0,1,6,100,100,100,100,0,0,0,0,0,0,0,0,0,0,0,0,0,0
20,3,67,20,30,0,3,0,0,64,0,0,0,0,1,6,100,100,100,100,0,0,0,0,0,0,0,0,0,0,0,0,0,0
20,3,68,20,30,0,3,0,0,64,0,0,0,0,1,6,100,100,100,100,0,0,0,0,0,0,0,0,0,0,0,0,0,0
20,3,69,48,16,0,1,64,4,72,0,0,0,0,6,6,113,113,113,113,0,0,0,0,0,0,0,0,0,0,0,0,0,0
20,3,70,20,26,0,3,0,0,64,0,0,0,0,1,6,100,100,100,100,0,0,0,0,0,0,0,0,0,0,0,0,0,0
20,3,71,20,26,0,3,0,0,64,0,0,0,0,1,6,100,100,100,100,0,0,0,0,0,0,0,0,0,0,0,0,0,0
20,3,72,48,27,0,1,64,4,72,0,0,0,0,6,6,113,113,113,113,0,0,0,0,0,0,0,0,0,0,0,0,0,0
20,3,73,20,27,0,3,0,0,64,0,0,0,0,1,6,100,100,100,100,0,0,0,0,0,0,0,0,0,0,0,0,0,0
20,3,74,20,27,0,3,0,0,64,0,0,0,0,1,6,100,100,100,100,0,0,0,0,0,0,0,0,0,0,0,0,0,0
20,3,75,20,27,0,3,0,0,64,0,0,0,0,1,6,100,100,100,100,0,0,0,0,0,0,0,0,0,0,0,0,0,0
20,3,76,20,27,0,3,0,0,64,0,0,0,0,1,6,100,100,100,100,0,0,0,0,0,0,0,0,0,0,0,0,0,0
20,3,77,20,27,0,3,0,0,64,0,0,0,0,1,6,100,100,100,100,0,0,0,0,0,0,0,0,0,0,0,0,0,0
20,3,78,20,27,0,3,0,0,64,0,0,0,0,1,6,100,100,100,100,0,0,0,0,0,0,0,0,0,0,0,0,0,0
20,3,79,20,27,0,3,0,0,64,0,0,0,0,1,6,100,100,100,100,0,0,0,0,0,0,0,0,0,0,0,0,0,0
20,3,80,20,27,0,3,0,0,64,0,0,0,0,1,6,100,100,100,100,0,0,0,0,0,0,0,0,0,0,0,0,0,0
20,3,81,20,26,0,3,0,0,64,0,0,0,0,1,6,100,100,100,100,0,0,0,0,0,0,0,0,0,0,0,0,0,0
20,3,82,20,26,0,3,0,0,64,0,0,0,0,1,6,100,100,100,100,0,0,0,0,0,0,0,0,0,0,0,0,0,0
20,3,83,20,14,0,3,0,0,64,0,0,0,0,1,6,100,100,100,100,0,0,0,0,0,0,0,0,0,0,0,0,0,0
20,3,84,20,26,0,3,0,0,64,0,0,0,0,1,6,100,100,100,100,0,0,0,0,0,0,0,0,0,0,0,0,0,0
20,3,85,20,26,0,3,0,0,64,0,0,0,0,1,6,100,100,100,100,0,0,0,0,0,0,0,0,0,0,0,0,0,0
20,3,86,20,27,0,3,0,0,64,0,0,0,0,1,6,100,100,100,100,0,0,0,0,0,0,0,0,0,0,0,0,0,0
20,3,88,20,14,0,3,0,0,64,0,0,0,0,1,6,100,100,100,100,0,0,0,0,0,0,0,0,0,0,0,0,0,0
20,3,90,20,26,0,3,0,0,64,0,0,0,0,1,6,100,100,100,100,0,0,0,0,0,0,0,0,0,0,0,0,0,0
20,3,91,20,26,0,3,0,0,64,0,0,0,0,1,6,100,100,100,100,0,0,0,0,0,0,0,0,0,0,0,0,0,0
20,3,92,20,26,0,3,0,0,64,0,0,0,0,1,6,100,100,100,100,0,0,0,0,0,0,0,0,0,0,0,0,0,0
20,3,93,20,26,0,3,0,0,64,0,0,0,0,1,6,100,100,100,100,0,0,0,0,0,0,0,0,0,0,0,0,0,0
20,3,94,20,26,0,3,0,0,64,0,0,0,0,1,6,100,100,100,100,0,0,0,0,0,0,0,0,0,0,0,0,0,0
20,3,95,20,26,0,3,0,0,64,0,0,0,0,1,6,100,100,100,100,0,0,0,0,0,0,0,0,0,0,0,0,0,0
20,3,96,20,27,0,3,0,0,64,0,0,0,0,1,6,100,100,100,100,0,0,0,0,0,0,0,0,0,0,0,0,0,0
20,3,97,20,27,0,3,0,0,64,0,0,0,0,1,6,100,100,100,100,0,0,0,0,0,0,0,0,0,0,0,0,0,0
20,3,98,20,29,0,3,0,0,64,0,0,0,0,1,6,100,100,100,100,0,0,0,0,0,0,0,0,0,0,0,0,0,0
20,3,99,48,16,0,1,64,4,72,0,0,0,0,6,6,113,113,113,113,0,0,0,0,0,0,0,0,0,0,0,0,0,0
20,3,100,20,16,0,3,0,0,64,0,0,0,0,1,6,100,100,100,100,0,0,0,0,0,0,0,0,0,0,0,0,0,0
20,3,101,8,27,0,0,0,8,64,0,0,0,0,0,0,0,0,0,0,0,0,0,0,6,0,0,0,0,0,0,0,0,0
20,3,102,20,16,0,3,0,0,64,0,0,0,0,1,6,100,100,100,100,0,0,0,0,0,0,0,0,0,0,0,0,0,0
20,3,103,48,16,0,1,64,4,72,0,0,0,0,6,6,113,113,113,113,0,0,0,0,0,0,0,0,0,0,0,0,0,0
20,3,104,20,16,0,3,0,0,64,0,0,0,0,1,6,100,100,100,100,0,0,0,0,0,0,0,0,0,0,0,0,0,0
20,3,105,48,16,0,1,64,4,72,0,0,0,0,6,6,113,113,113,113,0,0,0,0,0,0,0,0,0,0,0,0,0,0
20,3,106,20,16,0,3,0,0,64,0,0,0,0,1,6,100,100,100,100,0,0,0,0,0,0,0,0,0,0,0,0,0,0
20,3,107,20,30,0,3,0,0,64,0,0,0,0,1,6,100,100,100,100,0,0,0,0,0,0,0,0,0,0,0,0,0,0
20,3,108,31,27,4,0,0,0,1,0,0,0,0,0,0,0,0,0,0,0,0,0,0,0,0,0,0,0,0,0,0,0,0
20,3,109,20,30,0,3,0,0,64,0,0,0,0,1,6,100,100,100,100,0,0,0,0,0,0,0,0,0,0,0,0,0,0
20,3,110,8,29,0,0,0,20,64,0,0,0,0,0,0,0,0,0,0,0,0,0,0,6,0,0,0,0,0,0,0,0,0
20,3,111,8,29,0,0,0,21,64,0,0,0,0,0,0,0,0,0,0,0,0,0,0,6,0,0,0,0,0,0,0,0,0
20,3,112,8,29,0,0,0,10,64,0,0,0,0,0,0,0,0,0,0,0,0,0,0,6,0,0,0,0,0,0,0,0,0
20,3,113,8,29,0,0,0,1,64,0,0,0,0,0,0,0,0,0,0,0,0,0,0,6,0,0,0,0,0,0,0,0,0
20,3,114,31,29,15,0,0,0,1,0,0,0,0,0,0,0,0,0,0,0,0,0,0,0,0,0,0,0,0,0,0,0,0
20,3,115,48,29,0,1,64,3,72,0,0,0,0,6,6,113,113,113,113,0,0,0,0,0,0,0,0,0,0,0,0,0,0
20,3,116,31,29,4,0,0,0,1,0,0,0,0,0,0,0,0,0,0,0,0,0,0,0,0,0,0,0,0,0,0,0,0
20,3,117,31,28,4,0,0,0,1,0,0,0,0,0,0,0,0,0,0,0,0,0,0,0,0,0,0,0,0,0,0,0,0
20,3,118,20,28,0,3,0,0,64,0,0,0,0,1,6,100,100,100,100,0,0,0,0,0,0,0,0,0,0,0,0,0,0
20,3,119,20,28,0,3,0,0,64,0,0,0,0,1,6,100,100,100,100,0,0,0,0,0,0,0,0,0,0,0,0,0,0
20,3,120,20,28,0,3,0,0,64,0,0,0,0,1,6,100,100,100,100,0,0,0,0,0,0,0,0,0,0,0,0,0,0
20,3,121,24,28,0,3,0,0,64,0,0,0,0,1,6,100,100,100,100,0,0,0,0,0,0,0,0,0,0,0,0,0,0
20,3,122,24,28,0,3,0,0,64,0,0,0,0,1,6,100,100,100,100,0,0,0,0,0,0,0,0,0,0,0,0,0,0
20,4,1,48,25,0,1,64,4,72,0,0,0,0,6,6,113,113,113,113,0,0,0,0,0,0,0,0,0,0,0,0,0,0
20,4,3,31,26,35,0,0,0,1,0,0,0,0,0,0,0,0,0,0,0,0,0,0,0,0,0,0,0,0,0,0,0,0
20,4,4,20,25,0,3,0,0,64,0,0,0,0,1,6,100,100,100,100,0,0,0,0,0,0,0,0,0,0,0,0,0,0
20,4,5,20,25,0,3,0,0,64,0,0,0,0,1,6,100,100,100,100,0,0,0,0,0,0,0,0,0,0,0,0,0,0
20,4,6,48,25,0,1,64,1,72,0,0,0,0,6,6,113,113,113,113,0,0,0,0,0,0,0,0,0,0,0,0,0,0
20,4,7,20,25,0,3,0,0,64,0,0,0,0,1,6,100,100,100,100,0,0,0,0,0,0,0,0,0,0,0,0,0,0
20,4,9,20,25,0,3,0,0,64,0,0,0,0,1,6,100,100,100,100,0,0,0,0,0,0,0,0,0,0,0,0,0,0
20,4,10,48,25,0,1,64,4,72,0,0,0,0,6,6,113,113,113,113,0,0,0,0,0,0,0,0,0,0,0,0,0,0
20,4,11,20,25,0,3,0,0,64,0,0,0,0,1,6,100,100,100,100,0,0,0,0,0,0,0,0,0,0,0,0,0,0
20,4,12,20,26,0,3,0,0,64,0,0,0,0,1,6,100,100,100,100,0,0,0,0,0,0,0,0,0,0,0,0,0,0
20,4,13,20,26,0,3,0,0,64,0,0,0,0,1,6,100,100,100,100,0,0,0,0,0,0,0,0,0,0,0,0,0,0
20,4,14,20,26,0,3,0,0,64,0,0,0,0,1,6,100,100,100,100,0,0,0,0,0,0,0,0,0,0,0,0,0,0
20,4,15,20,26,0,3,0,0,64,0,0,0,0,1,6,100,100,100,100,0,0,0,0,0,0,0,0,0,0,0,0,0,0
20,4,16,20,26,0,3,0,0,64,0,0,0,0,1,6,100,100,100,100,0,0,0,0,0,0,0,0,0,0,0,0,0,0
20,4,17,20,26,0,3,0,0,64,0,0,0,0,1,6,100,100,100,100,0,0,0,0,0,0,0,0,0,0,0,0,0,0
20,4,18,20,26,0,3,0,0,64,0,0,0,0,1,6,100,100,100,100,0,0,0,0,0,0,0,0,0,0,0,0,0,0
20,4,19,20,26,0,3,0,0,64,0,0,0,0,1,6,100,100,100,100,0,0,0,0,0,0,0,0,0,0,0,0,0,0
20,4,20,20,26,0,3,0,0,64,0,0,0,0,1,6,100,100,100,100,0,0,0,0,0,0,0,0,0,0,0,0,0,0
20,4,21,20,26,0,3,0,0,64,0,0,0,0,1,6,100,100,100,100,0,0,0,0,0,0,0,0,0,0,0,0,0,0
20,4,22,20,26,0,3,0,0,64,0,0,0,0,1,6,100,100,100,100,0,0,0,0,0,0,0,0,0,0,0,0,0,0
20,4,23,8,25,0,0,0,7,64,0,0,0,0,0,0,0,0,0,0,0,0,0,0,6,0,0,0,0,0,0,0,0,0
20,4,24,20,25,0,3,0,0,64,0,0,0,0,1,6,100,100,100,100,0,0,0,0,0,0,0,0,0,0,0,0,0,0
20,4,25,8,25,0,0,0,7,64,0,0,0,0,0,0,0,0,0,0,0,0,0,0,6,0,0,0,0,0,0,0,0,0
20,4,26,20,25,0,3,0,0,64,0,0,0,0,1,6,100,100,100,100,0,0,0,0,0,0,0,0,0,0,0,0,0,0
20,4,27,8,25,0,0,0,7,64,0,0,0,0,0,0,0,0,0,0,0,0,0,0,6,0,0,0,0,0,0,0,0,0
20,4,28,20,25,0,3,0,0,64,0,0,0,0,1,6,100,100,100,100,0,0,0,0,0,0,0,0,0,0,0,0,0,0
20,4,29,31,25,4,0,0,0,1,0,0,0,0,0,0,0,0,0,0,0,0,0,0,0,0,0,0,0,0,0,0,0,0
20,4,30,8,12,0,0,0,8,64,0,0,0,0,0,0,0,0,0,0,0,0,0,0,6,0,0,0,0,0,0,0,0,0
20,4,32,48,24,0,1,64,4,72,0,0,0,0,6,6,113,113,113,113,0,0,0,0,0,0,0,0,0,0,0,0,0,0
20,4,33,48,24,0,1,64,4,72,0,0,0,0,6,6,113,113,113,113,0,0,0,0,0,0,0,0,0,0,0,0,0,0
20,4,34,20,12,0,3,0,0,64,0,0,0,0,1,6,100,100,100,100,0,0,0,0,0,0,0,0,0,0,0,0,0,0
20,4,35,20,31,0,3,0,0,64,0,0,0,0,1,6,100,100,100,100,0,0,0,0,0,0,0,0,0,0,0,0,0,0
20,4,36,20,25,0,3,0,0,64,0,0,0,0,1,6,100,100,100,100,0,0,0,0,0,0,0,0,0,0,0,0,0,0
20,4,37,20,25,0,3,0,0,64,0,0,0,0,1,6,100,100,100,100,0,0,0,0,0,0,0,0,0,0,0,0,0,0
20,4,38,20,25,0,3,0,0,64,0,0,0,0,1,6,100,100,100,100,0,0,0,0,0,0,0,0,0,0,0,0,0,0
20,4,39,20,25,0,3,0,0,64,0,0,0,0,1,6,100,100,100,100,0,0,0,0,0,0,0,0,0,0,0,0,0,0
20,4,40,20,25,0,3,0,0,64,0,0,0,0,1,6,100,100,100,100,0,0,0,0,0,0,0,0,0,0,0,0,0,0
20,4,41,20,25,0,3,0,0,64,0,0,0,0,1,6,100,100,100,100,0,0,0,0,0,0,0,0,0,0,0,0,0,0
20,4,42,20,25,0,3,0,0,64,0,0,0,0,1,6,100,100,100,100,0,0,0,0,0,0,0,0,0,0,0,0,0,0
20,4,43,20,25,0,3,0,0,64,0,0,0,0,1,6,100,100,100,100,0,0,0,0,0,0,0,0,0,0,0,0,0,0
20,4,44,20,25,0,3,0,0,64,0,0,0,0,1,6,100,100,100,100,0,0,0,0,0,0,0,0,0,0,0,0,0,0
20,4,46,20,25,0,3,0,0,64,0,0,0,0,1,6,100,100,100,100,0,0,0,0,0,0,0,0,0,0,0,0,0,0
20,4,47,20,26,0,3,0,0,64,0,0,0,0,1,6,100,100,100,100,0,0,0,0,0,0,0,0,0,0,0,0,0,0
20,4,48,20,26,0,3,0,0,64,0,0,0,0,1,6,100,100,100,100,0,0,0,0,0,0,0,0,0,0,0,0,0,0
20,4,49,8,26,0,0,0,23,64,0,0,0,0,0,0,0,0,0,0,0,0,0,0,6,0,0,0,0,0,0,0,0,0
20,4,50,8,26,0,0,0,18,64,0,0,0,0,0,0,0,0,0,0,0,0,0,0,6,0,0,0,0,0,0,0,0,0
20,4,51,48,26,0,1,64,4,72,0,0,0,0,6,6,113,113,113,113,0,0,0,0,0,0,0,0,0,0,0,0,0,0
20,4,52,20,26,0,3,0,0,64,0,0,0,0,1,6,100,100,100,100,0,0,0,0,0,0,0,0,0,0,0,0,0,0
20,4,53,48,26,0,1,64,4,72,0,0,0,0,6,6,113,113,113,113,0,0,0,0,0,0,0,0,0,0,0,0,0,0
20,4,54,20,33,0,3,0,0,64,0,0,0,0,1,6,100,100,100,100,0,0,0,0,0,0,0,0,0,0,0,0,0,0
20,4,55,20,32,0,3,0,0,64,0,0,0,0,1,6,100,100,100,100,0,0,0,0,0,0,0,0,0,0,0,0,0,0
20,4,56,20,25,0,3,0,0,64,0,0,0,0,1,6,100,100,100,100,0,0,0,0,0,0,0,0,0,0,0,0,0,0
20,4,57,20,25,0,3,0,0,64,0,0,0,0,1,6,100,100,100,100,0,0,0,0,0,0,0,0,0,0,0,0,0,0
20,4,58,20,26,0,3,0,0,64,0,0,0,0,1,6,100,100,100,100,0,0,0,0,0,0,0,0,0,0,0,0,0,0
20,4,59,20,25,0,3,0,0,64,0,0,0,0,1,6,100,100,100,100,0,0,0,0,0,0,0,0,0,0,0,0,0,0
20,4,60,8,25,0,0,0,9,64,0,0,0,0,0,0,0,0,0,0,0,0,0,0,6,0,0,0,0,0,0,0,0,0
20,4,61,20,25,0,3,0,0,64,0,0,0,0,1,6,100,100,100,100,0,0,0,0,0,0,0,0,0,0,0,0,0,0
20,4,62,20,25,0,3,0,0,64,0,0,0,0,1,6,100,100,100,100,0,0,0,0,0,0,0,0,0,0,0,0,0,0
20,4,63,20,13,0,3,0,0,64,0,0,0,0,1,6,100,100,100,100,0,0,0,0,0,0,0,0,0,0,0,0,0,0
20,4,64,20,13,0,3,0,0,64,0,0,0,0,1,6,100,100,100,100,0,0,0,0,0,0,0,0,0,0,0,0,0,0
20,4,65,20,26,0,3,0,0,64,0,0,0,0,1,6,100,100,100,100,0,0,0,0,0,0,0,0,0,0,0,0,0,0
20,4,66,20,26,0,3,0,0,64,0,0,0,0,1,6,100,100,100,100,0,0,0,0,0,0,0,0,0,0,0,0,0,0
20,4,67,20,26,0,3,0,0,64,0,0,0,0,1,6,100,100,100,100,0,0,0,0,0,0,0,0,0,0,0,0,0,0
20,4,68,20,26,0,3,0,0,64,0,0,0,0,1,6,100,100,100,100,0,0,0,0,0,0,0,0,0,0,0,0,0,0
20,4,69,20,26,0,3,0,0,64,0,0,0,0,1,6,100,100,100,100,0,0,0,0,0,0,0,0,0,0,0,0,0,0
20,4,70,20,26,0,3,0,0,64,0,0,0,0,1,6,100,100,100,100,0,0,0,0,0,0,0,0,0,0,0,0,0,0
20,4,71,20,26,0,3,0,0,64,0,0,0,0,1,6,100,100,100,100,0,0,0,0,0,0,0,0,0,0,0,0,0,0
20,4,72,20,26,0,3,0,0,64,0,0,0,0,1,6,100,100,100,100,0,0,0,0,0,0,0,0,0,0,0,0,0,0
20,4,73,20,26,0,3,0,0,64,0,0,0,0,1,6,100,100,100,100,0,0,0,0,0,0,0,0,0,0,0,0,0,0
20,4,74,20,26,0,3,0,0,64,0,0,0,0,1,6,100,100,100,100,0,0,0,0,0,0,0,0,0,0,0,0,0,0
20,4,75,20,26,0,3,0,0,64,0,0,0,0,1,6,100,100,100,100,0,0,0,0,0,0,0,0,0,0,0,0,0,0
20,4,76,20,25,0,3,0,0,64,0,0,0,0,1,6,100,100,100,100,0,0,0,0,0,0,0,0,0,0,0,0,0,0
20,4,77,20,25,0,3,0,0,64,0,0,0,0,1,6,100,100,100,100,0,0,0,0,0,0,0,0,0,0,0,0,0,0
20,4,78,20,24,0,3,0,0,64,0,0,0,0,1,6,100,100,100,100,0,0,0,0,0,0,0,0,0,0,0,0,0,0
20,4,79,20,24,0,3,0,0,64,0,0,0,0,1,6,100,100,100,100,0,0,0,0,0,0,0,0,0,0,0,0,0,0
20,4,80,31,25,4,0,0,0,1,0,0,0,0,0,0,0,0,0,0,0,0,0,0,0,0,0,0,0,0,0,0,0,0
20,4,81,20,25,0,3,0,0,64,0,0,0,0,1,6,100,100,100,100,0,0,0,0,0,0,0,0,0,0,0,0,0,0
20,4,82,20,25,0,3,0,0,64,0,0,0,0,1,6,100,100,100,100,0,0,0,0,0,0,0,0,0,0,0,0,0,0
20,4,83,20,25,0,3,0,0,64,0,0,0,0,1,6,100,100,100,100,0,0,0,0,0,0,0,0,0,0,0,0,0,0
20,4,84,20,25,0,3,0,0,64,0,0,0,0,1,6,100,100,100,100,0,0,0,0,0,0,0,0,0,0,0,0,0,0
20,END,1,56216
14,BEGIN,1
14,1,2,0,300,2,0,600,2,0,300,2,0,300,0,0,0,1,1,1,1,0,0,0,0,0,0,0,0,0,0
14,2,2,0,300,1,0,0,2,0,300,2,0,300,0,0,0,1,1,1,1,0,0,0,0,0,0,0,0,0,0
14,3,2,0,300,2,0,600,2,0,300,2,0,300,0,0,0,1,0,1,1,0,0,0,0,0,0,0,0,0,0
14,4,2,0,300,1,0,0,2,0,300,2,0,300,0,0,0,1,1,1,1,0,0,0,0,0,0,0,0,0,0
14,5,2,0,300,2,0,600,2,0,300,2,0,300,0,0,0,1,0,1,1,0,0,0,0,0,0,0,0,0,0
14,6,2,0,300,1,0,0,2,0,300,2,0,300,0,0,0,1,1,1,1,0,0,0,0,0,0,0,0,0,0
14,7,2,0,300,2,0,600,2,0,300,2,0,300,0,0,0,1,0,1,1,0,0,0,0,0,0,0,0,0,0
14,8,2,0,300,1,0,0,2,0,300,2,0,300,0,0,0,1,1,1,1,0,0,0,0,0,0,0,0,0,0
14,9,2,0,300,2,0,600,2,0,300,2,0,300,0,0,0,1,0,1,1,0,0,0,0,0,0,0,0,0,0
14,10,1,0,0,1,0,0,1,0,0,1,0,0,0,0,0,1,1,1,1,0,0,0,0,0,0,0,0,0,0
14,11,2,0,300,2,0,600,2,0,300,2,0,300,0,0,0,1,0,1,1,0,0,0,0,0,0,0,0,0,0
14,12,1,0,0,1,0,0,1,0,0,1,0,0,0,0,0,1,1,1,1,0,0,0,0,1,1,1,1,0,0
14,13,2,0,300,2,0,600,2,0,300,2,0,300,0,0,0,1,0,1,1,0,0,0,0,0,0,0,0,0,0
14,14,2,0,300,1,0,0,2,0,300,2,0,300,0,0,0,1,1,1,1,0,0,0,0,0,0,0,0,0,0
14,15,1,0,0,1,0,0,1,0,0,1,0,0,0,0,0,1,0,1,1,0,0,0,0,0,0,0,0,0,0
14,16,2,0,300,2,0,600,2,0,300,2,0,300,0,0,0,1,0,1,1,0,0,0,0,0,0,0,0,0,0
14,17,1,0,0,1,0,0,1,0,0,1,0,0,0,0,0,1,1,1,1,0,0,0,0,0,0,0,0,0,0
14,18,2,0,300,2,0,600,2,0,300,2,0,300,0,0,0,1,0,1,1,0,0,0,0,0,0,0,0,0,0
14,19,1,0,0,1,0,0,1,0,0,1,0,0,0,0,0,1,1,1,1,0,0,0,0,0,0,0,0,0,0
14,20,2,0,300,2,0,600,2,0,300,2,0,300,0,0,0,1,0,1,1,0,0,0,0,0,0,0,0,0,0
14,21,1,0,0,1,0,0,1,0,0,1,0,0,0,0,0,1,1,1,1,0,0,0,0,0,0,0,0,0,0
14,22,2,0,300,2,0,600,2,0,300,2,0,300,0,0,0,1,0,1,1,0,0,0,0,0,0,0,0,0,0
14,23,1,0,0,1,0,0,1,0,0,1,0,0,0,0,0,1,1,1,1,0,0,0,0,0,0,0,0,0,0
14,24,2,0,300,2,0,600,2,0,300,2,0,300,0,0,0,1,0,1,1,0,0,0,0,0,0,0,0,0,0
14,25,1,0,0,1,0,0,1,0,0,1,0,0,0,0,0,1,1,1,1,0,0,0,0,0,0,0,0,0,0
14,26,2,0,300,2,0,600,2,0,300,2,0,300,0,0,0,1,0,1,1,0,0,0,0,0,0,0,0,0,0
14,27,1,0,0,1,0,0,1,0,0,1,0,0,0,0,0,1,1,1,1,0,0,0,0,1,1,1,1,0,0
14,28,2,0,300,2,0,600,2,0,300,2,0,300,0,0,0,1,0,1,1,0,0,0,0,0,0,0,0,0,0
14,29,1,0,0,1,0,0,1,0,0,1,0,0,0,0,0,1,1,1,1,0,0,0,0,1,1,1,1,0,0
14,30,2,0,300,2,0,600,2,0,300,2,0,300,0,0,0,1,0,1,1,0,0,0,0,1,0,1,1,0,0
14,31,1,0,0,1,0,0,1,0,0,1,0,0,0,0,0,1,0,1,1,0,0,0,0,1,1,1,1,0,0
14,32,2,0,300,2,0,600,2,0,300,2,0,300,0,0,0,1,0,1,1,0,0,0,0,1,0,1,1,0,0
14,33,1,0,0,1,0,0,1,0,0,1,0,0,0,0,0,1,0,1,1,0,0,0,0,1,1,1,1,0,0
14,34,2,0,300,2,0,600,2,0,300,2,0,300,0,0,0,1,1,1,1,0,0,0,0,0,0,0,0,0,0
14,35,1,0,0,1,0,0,1,0,0,1,0,0,0,0,0,1,0,1,1,0,0,0,0,0,0,0,0,0,0
14,36,1,0,0,1,0,0,1,0,0,1,0,0,0,0,0,1,0,1,1,0,0,0,0,0,0,0,0,1,0
14,37,4,2,2,4,2,2,4,2,2,4,2,2,0,0,0,1,0,1,1,0,0,0,0,0,0,0,0,0,0
14,38,1,0,0,1,0,0,1,0,0,1,0,0,0,0,0,1,0,1,1,0,0,0,0,0,0,0,0,1,0
14,39,1,0,0,1,0,0,1,0,0,1,0,0,0,0,0,1,0,1,1,0,0,0,0,0,0,0,0,1,0
14,110,1,0,0,1,0,0,1,0,0,1,0,0,0,0,0,0,0,1,1,0,0,0,0,0,0,0,0,0,0
14,111,1,0,0,1,0,0,1,0,0,1,0,0,0,0,0,1,0,1,1,0,0,0,0,0,0,0,0,0,0
14,112,1,0,0,1,0,0,1,0,0,1,0,0,0,0,0,0,0,1,1,0,0,0,0,0,0,0,0,0,0
14,END,1,3280
15,BEGIN,1
15,1,0,1,0
15,2,0,1,0
15,3,1,1,0
15,4,0,1,0
15,5,0,1,0
15,6,0,1,0
15,7,0,1,0
15,8,0,1,0
15,9,1,1,0
15,10,1,1,0
15,11,0,1,0
15,12,0,1,0
15,13,0,1,0
15,14,0,1,0
15,15,1,1,0
15,16,0,1,0
15,17,0,1,0
15,18,1,1,0
15,19,0,1,0
15,20,1,1,0
15,21,1,1,0
15,22,0,1,0
15,23,1,1,0
15,24,1,1,0
15,25,0,1,0
15,26,1,1,0
15,27,1,1,0
15,28,1,1,0
15,29,1,1,0
15,30,1,1,0
15,31,1,1,0
15,32,1,0,0
15,104,0,1,0
15,105,0,1,0
15,106,0,1,0
15,END,1,19144
16,BEGIN,1
16,641,1,3,4,7,8,10,20,21,650,
16,642,3,10,25,
16,643,3,10,25,20,650,
16,644,1,3,7,8,10,25,19,9,18,23,24,26,647,
16,645,1,3,4,7,8,10,21,25,650,648,
16,646,3,10,25,
16,647,5,6,12,13,14,15,16,17,11,27,28,
16,648,104,105,106,22,
16,649,19,647,648,
16,650,9,18,23,24,26,29,
16,END,1,13657
40,BEGIN,1
40,0,255,0,20,0,0,0,0,0,0,0,0,0,0,0,0,0,0,0,0,0,0,0,0,0,0,
40,1,254,0,10,0,0,0,0,0,0,0,0,0,0,0,0,0,0,0,0,0,0,0,0,0,0,
40,2,253,0,40,0,0,0,0,0,0,0,0,0,0,0,0,0,0,0,0,0,0,0,0,0,0,
40,3,240,0,191,0,0,0,0,0,0,0,0,0,0,0,0,0,0,0,0,0,0,0,0,0,0,
40,4,255,0,188,0,0,0,0,0,0,0,0,0,0,0,0,0,0,0,0,0,0,0,0,0,0,
40,5,255,0,184,0,0,0,0,0,0,0,0,0,0,0,0,0,0,0,0,0,0,0,0,0,0,
40,6,240,0,180,0,0,0,0,0,0,0,0,0,0,0,0,0,0,0,0,0,0,0,0,0,0,
40,7,240,0,190,0,0,0,0,0,0,0,0,0,0,0,0,0,0,0,0,0,0,0,0,0,0,
40,8,240,0,186,0,0,0,0,0,0,0,0,0,0,0,0,0,0,0,0,0,0,0,0,0,0,
40,9,240,0,182,0,0,0,0,0,0,0,0,0,0,0,0,0,0,0,0,0,0,0,0,0,0,
40,10,240,0,140,1,0,0,0,0,0,0,0,0,0,0,0,0,0,0,0,0,0,0,0,0,0,
40,11,240,0,150,1,0,0,0,0,0,0,0,0,0,0,0,0,0,0,0,0,0,0,0,0,0,
40,12,255,0,170,0,0,0,0,0,0,0,0,0,0,0,0,0,0,0,0,0,0,0,0,0,0,
40,13,255,0,191,0,0,0,0,0,0,0,0,0,0,0,0,0,0,0,0,0,0,0,0,0,0,
40,17,200,0,186,0,0,0,0,0,0,0,0,0,0,0,0,0,0,0,0,0,0,0,0,0,0,
40,18,255,0,184,0,0,0,0,0,0,0,0,0,0,0,0,0,0,0,0,0,0,0,0,0,0,
40,19,255,0,194,0,0,0,0,0,0,0,0,0,0,0,0,0,0,0,0,0,0,0,0,0,0,
40,END,1,48613
60,BEGIN,1
60,1,1, 0, 1, 0, 1, 1, 1, 1, 0, 0, 0, 0, 0, 0, 0, 0, 
60,END,1,2892
161,BEGIN,1
161,1,1,1,0,0,0,0,0,0,0,0,0,0,0,0,0,0,
161,2,2,1,0,0,0,0,0,0,0,0,0,0,0,0,0,0,
161,END,1,4267
154,BEGIN,1
154,641,1,5,7,
154,642,2,6,8,
154,643,16,17,
154,644,9,10,
154,645,11,12,
154,646,18,19,
154,647,20,21,
154,648,22,23,
154,649,24,25,
154,650,26,27,
154,651,28,29,
154,652,30,31,
154,653,32,33,
154,END,1,9816
2,BEGIN,1
2,9,1,0,Sounder1               
2,9,1,1,Sounder1               
2,9,1,2,                       
2,9,1,3,                       
2,9,1,4,                       
2,9,2,0,Sounder2               
2,9,2,1,Sounder2               
2,9,2,2,                       
2,9,2,3,                       
2,9,2,4,                       
2,9,3,0,Relay 1                
2,9,3,1,Relay 1                
2,9,3,2,                       
2,9,3,3,                       
2,9,3,4,                       
2,9,4,0,FRelay 2               
2,9,4,1,FRelay 2               
2,9,4,2,                       
2,9,4,3,                       
2,9,4,4,                       
2,9,5,0,Keyswitch              
2,9,5,1,Keyswitch              
2,9,5,2,                       
2,9,5,3,                       
2,9,5,4,                       
2,9,6,0,PSU                    
2,9,6,1,PSU                    
2,9,6,2,                       
2,9,6,3,                       
2,9,6,4,                       
2,9,7,0,Fault Buzzer           
2,9,7,1,Fault Buzzer           
2,9,7,2,                       
2,9,7,3,                       
2,9,7,4,                       
2,9,8,0,Fault Relay            
2,9,8,1,Fault Relay            
2,9,8,2,                       
2,9,8,3,                       
2,9,8,4,                       
2,9,9,0,Event Log              
2,9,9,1,Event Log              
2,9,9,2,                       
2,9,9,3,                       
2,9,9,4,                       
2,9,10,0,Panel Device           
2,9,10,1,Panel Device           
2,9,10,2,                       
2,9,10,3,                       
2,9,10,4,                       
2,9,11,0,Touch Panel            
2,9,11,1,Touch Panel            
2,9,11,2,                       
2,9,11,3,                       
2,9,11,4,                       
2,9,12,0,Mon I/P 1              
2,9,12,1,Mon I/P 1              
2,9,12,2,                       
2,9,12,3,                       
2,9,12,4,                       
2,9,13,0,Mon I/P 2              
2,9,13,1,Mon I/P 2              
2,9,13,2,                       
2,9,13,3,                       
2,9,13,4,                       
2,9,14,0,Earth Fault            
2,9,14,1,Earth Fault            
2,9,14,2,                       
2,9,14,3,                       
2,9,14,4,                       
2,9,15,0,Aux Fuse               
2,9,15,1,Aux Fuse               
2,9,15,2,                       
2,9,15,3,                       
2,9,15,4,                       
2,9,16,0,Mode Switch            
2,9,16,1,Mode Switch            
2,9,16,2,                       
2,9,16,3,                       
2,9,16,4,                       
2,9,17,0,Zonal LED              
2,9,17,1,Zonal LED              
2,9,17,2,                       
2,9,17,3,                       
2,9,17,4,                       
2,9,19,0,Isolate Plant GF       
2,9,19,1,Isolate Plant GF       
2,9,19,2,                       
2,9,19,3,                       
2,9,19,4,                       
2,9,20,0,Radiopager             
2,9,20,1,Radiopager             
2,9,20,2,                       
2,9,20,3,                       
2,9,20,4,                       
2,1,1,0,1ST FLOOR DIS WC       
2,1,1,1,1ST FLOOR DIS WC       
2,1,1,2,1ST FLOOR DIS WC       
2,1,1,3,                       
2,1,1,4,                       
2,1,2,0,1ST FLOOR LANDING      
2,1,2,1,1ST FLOOR LANDING      
2,1,2,2,1ST FLOOR LANDING      
2,1,2,3,                       
2,1,2,4,                       
2,1,3,0,1ST FLOOR BY LIFT      
2,1,3,1,1ST FLOOR BY LIFT      
2,1,3,2,1ST FLOOR BY LIFT      
2,1,3,3,                       
2,1,3,4,                       
2,1,4,0,CORR BY CLEANER STORE  
2,1,4,1,CORR BY CLEANER STORE  
2,1,4,2,                       
2,1,4,3,                       
2,1,4,4,                       
2,1,5,0,CORR BY CLEANER STORE  
2,1,5,1,CORR BY CLEANER STORE  
2,1,5,2,CORR BY CLEANER STORE  
2,1,5,3,                       
2,1,5,4,                       
2,1,6,0,CLEANERS STORE         
2,1,6,1,CLEANERS STORE         
2,1,6,2,CLEANERS STORE         
2,1,6,3,                       
2,1,6,4,                       
2,1,7,0,MALE CHANGING          
2,1,7,1,MALE CHANGING          
2,1,7,2,MALE CHANGING          
2,1,7,3,                       
2,1,7,4,                       
2,1,8,0,CORR BY MALE CHANGING  
2,1,8,1,CORR BY MALE CHANGING  
2,1,8,2,CORR BY MALE CHANGING  
2,1,8,3,                       
2,1,8,4,                       
2,1,9,0,MALE CHANGING WC       
2,1,9,1,MALE CHANGING WC       
2,1,9,2,MALE CHANGING WC       
2,1,9,3,                       
2,1,9,4,                       
2,1,10,0,FEMALE CHANGING WC     
2,1,10,1,FEMALE CHANGING WC     
2,1,10,2,FEMALE CHANGING WC     
2,1,10,3,                       
2,1,10,4,                       
2,1,11,0,CORR BY FEMALE CHANGE  
2,1,11,1,CORR BY FEMALE CHANGE  
2,1,11,2,CORR BY FEMALE CHANGE  
2,1,11,3,                       
2,1,11,4,                       
2,1,12,0,FEMALE CHANGING        
2,1,12,1,FEMALE CHANGING        
2,1,12,2,FEMALE CHANGING        
2,1,12,3,                       
2,1,12,4,                       
2,1,13,0,CORR BY FEMALE CHANGING
2,1,13,1,CORR BY FEMALE CHANGING
2,1,13,2,                       
2,1,13,3,                       
2,1,13,4,                       
2,1,14,0,CORR NEAR FEMALE CHANGE
2,1,14,1,CORR NEAR FEMALE CHANGE
2,1,14,2,CORR NEAR FEMALE CHANGE
2,1,14,3,                       
2,1,14,4,                       
2,1,15,0,CORR BY FEMALE CHANGE  
2,1,15,1,DOOR RETAINERS         
2,1,15,2,CORR BY FEMALE CHANGE  
2,1,15,3,CORR BY FEMALE CHANGE  
2,1,15,4,CORR BY FEMALE CHANGE  
2,1,16,0,1ST FLOOR LANDING      
2,1,16,1,1ST FLOOR LANDING      
2,1,16,2,1ST FLOOR LANDING      
2,1,16,3,                       
2,1,16,4,                       
2,1,17,0,CORRIDOR BY KITCHEN    
2,1,17,1,DOOR RETAINERS         
2,1,17,2,CORRIDOR BY KITCHEN    
2,1,17,3,CORRIDOR BY KITCHEN    
2,1,17,4,CORRIDOR BY KITCHEN    
2,1,18,0,CORR BY KITCHEN/STAIR 4
2,1,18,1,CORR BY KITCHEN/STAIR 4
2,1,18,2,CORR BY KITCHEN/STAIR 4
2,1,18,3,                       
2,1,18,4,                       
2,1,19,0,KITCHEN VOID           
2,1,19,1,GAS SHUT               
2,1,19,2,KITCHEN VOID           
2,1,19,3,KITCHEN VOID           
2,1,19,4,KITCHEN VOID           
2,1,20,0,CORRIDOR BY KITCHEN    
2,1,20,1,CORRIDOR BY KITCHEN    
2,1,20,2,                       
2,1,20,3,                       
2,1,20,4,                       
2,1,21,0,CORR BY KITCHEN VOID   
2,1,21,1,CORR BY KITCHEN VOID   
2,1,21,2,CORR BY KITCHEN VOID   
2,1,21,3,                       
2,1,21,4,                       
2,1,22,0,CORRIDOR BY KITCHEN    
2,1,22,1,CORRIDOR BY KITCHEN    
2,1,22,2,CORRIDOR BY KITCHEN    
2,1,22,3,                       
2,1,22,4,                       
2,1,23,0,SPONSORS ROOM BY KITCHEN
2,1,23,1,SPONSORS ROOM BY KITCHEN
2,1,23,2,SPONSORS ROOM BY KITCHEN
2,1,23,3,                       
2,1,23,4,                       
2,1,24,0,SPONSORS ROOM VOID     
2,1,24,1,SPONSORS ROOM VOID     
2,1,24,2,SPONSORS ROOM VOID     
2,1,24,3,                       
2,1,24,4,                       
2,1,26,0,CORR VOID BY KITCHEN   
2,1,26,1,CORR VOID BY KITCHEN   
2,1,26,2,CORR VOID BY KITCHEN   
2,1,26,3,                       
2,1,26,4,                       
2,1,27,0,CORRIDOR BY KITCHEN    
2,1,27,1,CORRIDOR BY KITCHEN    
2,1,27,2,CORRIDOR BY KITCHEN    
2,1,27,3,                       
2,1,27,4,                       
2,1,28,0,SPONSORS LOUNGE        
2,1,28,1,SPONSORS LOUNGE        
2,1,28,2,SPONSORS LOUNGE        
2,1,28,3,                       
2,1,28,4,                       
2,1,29,0,SPONSORS LOUNGE VOID   
2,1,29,1,SPONSORS LOUNGE VOID   
2,1,29,2,SPONSORS LOUNGE VOID   
2,1,29,3,                       
2,1,29,4,                       
2,1,30,0,CORR BY SPONSORS VOID  
2,1,30,1,CORR BY SPONSORS VOID  
2,1,30,2,CORR BY SPONSORS VOID  
2,1,30,3,                       
2,1,30,4,                       
2,1,31,0,CORR BY SPONSORS LOUNGE
2,1,31,1,CORR BY SPONSORS LOUNGE
2,1,31,2,CORR BY SPONSORS LOUNGE
2,1,31,3,                       
2,1,31,4,                       
2,1,32,0,SPONSORS LOUNGE        
2,1,32,1,SPONSORS LOUNGE        
2,1,32,2,SPONSORS LOUNGE        
2,1,32,3,                       
2,1,32,4,                       
2,1,33,0,SPONSORS LOUNGE VOID   
2,1,33,1,SPONSORS LOUNGE VOID   
2,1,33,2,SPONSORS LOUNGE VOID   
2,1,33,3,                       
2,1,33,4,                       
2,1,34,0,CORR BY SPONSORS VOID  
2,1,34,1,CORR BY SPONSORS VOID  
2,1,34,2,CORR BY SPONSORS VOID  
2,1,34,3,                       
2,1,34,4,                       
2,1,35,0,CORR BY SPONSORS LOUNGE
2,1,35,1,CORR BY SPONSORS LOUNGE
2,1,35,2,CORR BY SPONSORS LOUNGE
2,1,35,3,                       
2,1,35,4,                       
2,1,36,0,SPONSORS LOUNGE        
2,1,36,1,SPONSORS LOUNGE        
2,1,36,2,SPONSORS LOUNGE        
2,1,36,3,                       
2,1,36,4,                       
2,1,37,0,SPONSORS LOUNGE VOID   
2,1,37,1,SPONSORS LOUNGE VOID   
2,1,37,2,SPONSORS LOUNGE VOID   
2,1,37,3,                       
2,1,37,4,                       
2,1,38,0,SPONSORS LOUNGE CELLAR 
2,1,38,1,SPONSORS LOUNGE CELLAR 
2,1,38,2,SPONSORS LOUNGE CELLAR 
2,1,38,3,                       
2,1,38,4,                       
2,1,39,0,1ST FLOOR LANDING      
2,1,39,1,1ST FLOOR LANDING      
2,1,39,2,1ST FLOOR LANDING      
2,1,39,3,                       
2,1,39,4,                       
2,1,40,0,SPONSORS LOUNGE STORE  
2,1,40,1,SPONSORS LOUNGE STORE  
2,1,40,2,SPONSORS LOUNGE STORE  
2,1,40,3,                       
2,1,40,4,                       
2,1,41,0,SPONSORS LOUNGE        
2,1,41,1,Function Rm 2 FF SW    
2,1,41,2,                       
2,1,41,3,                       
2,1,41,4,                       
2,1,42,0,SPONSORS LOUNGE        
2,1,42,1,SPONSORS LOUNGE        
2,1,42,2,SPONSORS LOUNGE        
2,1,42,3,                       
2,1,42,4,                       
2,1,43,0,SPONSORS LOUNGE        
2,1,43,1,SPONSORS LOUNGE        
2,1,43,2,SPONSORS LOUNGE        
2,1,43,3,                       
2,1,43,4,                       
2,1,44,0,SPONSORS LOUNGE VOID   
2,1,44,1,SPONSORS LOUNGE VOID   
2,1,44,2,SPONSORS LOUNGE VOID   
2,1,44,3,                       
2,1,44,4,                       
2,1,45,0,SPONSORS LOUNGE VOID   
2,1,45,1,SPONSORS LOUNGE VOID   
2,1,45,2,SPONSORS LOUNGE VOID   
2,1,45,3,                       
2,1,45,4,                       
2,1,46,0,SPONSORS LOUNGE        
2,1,46,1,SPONSORS LOUNGE        
2,1,46,2,SPONSORS LOUNGE        
2,1,46,3,                       
2,1,46,4,                       
2,1,47,0,SPONSORS LOUNGE VOID   
2,1,47,1,SPONSORS LOUNGE VOID   
2,1,47,2,SPONSORS LOUNGE VOID   
2,1,47,3,                       
2,1,47,4,                       
2,1,48,0,SPONSORS LOUNGE        
2,1,48,1,SPONSORS LOUNGE        
2,1,48,2,SPONSORS LOUNGE        
2,1,48,3,                       
2,1,48,4,                       
2,1,49,0,SPONSORS LOUNGE VOID   
2,1,49,1,SPONSORS LOUNGE VOID   
2,1,49,2,SPONSORS LOUNGE VOID   
2,1,49,3,                       
2,1,49,4,                       
2,1,50,0,SPONSORS LOUNGE        
2,1,50,1,SPONSORS LOUNGE        
2,1,50,2,SPONSORS LOUNGE        
2,1,50,3,                       
2,1,50,4,                       
2,1,51,0,SPONSORS STORE VOID    
2,1,51,1,SPONSORS STORE VOID    
2,1,51,2,SPONSORS STORE VOID    
2,1,51,3,                       
2,1,51,4,                       
2,1,52,0,FEMALE CHANGING VOID   
2,1,52,1,FEMALE CHANGING VOID   
2,1,52,2,FEMALE CHANGING VOID   
2,1,52,3,                       
2,1,52,4,                       
2,1,53,0,FEMALE CHANGING WC VOID
2,1,53,1,FEMALE CHANGING WC VOID
2,1,53,2,FEMALE CHANGING WC VOID
2,1,53,3,                       
2,1,53,4,                       
2,1,54,0,MALE CHANGING WC VOID  
2,1,54,1,MALE CHANGING WC VOID  
2,1,54,2,MALE CHANGING WC VOID  
2,1,54,3,                       
2,1,54,4,                       
2,1,55,0,MALE CHANGING VOID     
2,1,55,1,MALE CHANGING VOID     
2,1,55,2,MALE CHANGING VOID     
2,1,55,3,                       
2,1,55,4,                       
2,1,56,0,MALE CHANGING WC       
2,1,56,1,MALE CHANGING WC       
2,1,56,2,MALE CHANGING WC       
2,1,56,3,                       
2,1,56,4,                       
2,1,57,0,FEMALE CHANGING WC     
2,1,57,1,FEMALE CHANGING WC     
2,1,57,2,FEMALE CHANGING WC     
2,1,57,3,                       
2,1,57,4,                       
2,1,58,0,1ST FLOOR DIS. WC      
2,1,58,1,1ST FLOOR DIS. WC      
2,1,58,2,1ST FLOOR DIS. WC      
2,1,58,3,                       
2,1,58,4,                       
2,1,59,0,KITCHEN EXIT TO CORRIDOR
2,1,59,1,KITCHEN EXIT TO CORRIDOR
2,1,59,2,                       
2,1,59,3,                       
2,1,59,4,                       
2,1,60,0,KITCHEN VOID           
2,1,60,1,KITCHEN VOID           
2,1,60,2,KITCHEN VOID           
2,1,60,3,                       
2,1,60,4,                       
2,1,61,0,KITCHEN                
2,1,61,1,KITCHEN                
2,1,61,2,KITCHEN                
2,1,61,3,                       
2,1,61,4,                       
2,1,62,0,KITCHEN VOID           
2,1,62,1,KITCHEN VOID           
2,1,62,2,KITCHEN VOID           
2,1,62,3,                       
2,1,62,4,                       
2,1,63,0,KITCHEN VOID           
2,1,63,1,KITCHEN VOID           
2,1,63,2,KITCHEN VOID           
2,1,63,3,                       
2,1,63,4,                       
2,1,64,0,KITCHEN VOID           
2,1,64,1,KITCHEN VOID           
2,1,64,2,KITCHEN VOID           
2,1,64,3,                       
2,1,64,4,                       
2,1,65,0,KITCHEN                
2,1,65,1,KITCHEN                
2,1,65,2,KITCHEN                
2,1,65,3,                       
2,1,65,4,                       
2,1,66,0,KITCHEN VOID           
2,1,66,1,KITCHEN VOID           
2,1,66,2,KITCHEN VOID           
2,1,66,3,                       
2,1,66,4,                       
2,1,67,0,KITCHEN                
2,1,67,1,KITCHEN                
2,1,67,2,KITCHEN                
2,1,67,3,                       
2,1,67,4,                       
2,1,68,0,KITCHEN                
2,1,68,1,KITCHEN                
2,1,68,2,KITCHEN                
2,1,68,3,                       
2,1,68,4,                       
2,1,69,0,KITCHEN VOID           
2,1,69,1,KITCHEN VOID           
2,1,69,2,KITCHEN VOID           
2,1,69,3,                       
2,1,69,4,                       
2,1,70,0,KITCHEN EXIT TO SPONSORS
2,1,70,1,KITCHEN EXIT TO SPONSORS
2,1,70,2,                       
2,1,70,3,                       
2,1,70,4,                       
2,1,71,0,                       
2,1,71,1,                       
2,1,71,2,                       
2,1,71,3,                       
2,1,71,4,                       
2,1,72,0,                       
2,1,72,1,                       
2,1,72,2,                       
2,1,72,3,                       
2,1,72,4,                       
2,1,84,0,B+ Test Optical        
2,1,84,1,B+ Test Optical        
2,1,84,2,B+ Test Optical        
2,1,84,3,                       
2,1,84,4,                       
2,1,85,0,B+ Test Multi          
2,1,85,1,B+ Test Multi          
2,1,85,2,B+ Test Multi          
2,1,85,3,                       
2,1,85,4,                       
2,1,86,0,                       
2,1,86,1,                       
2,1,86,2,                       
2,1,86,3,                       
2,1,86,4,                       
2,1,87,0,                       
2,1,87,1,                       
2,1,87,2,                       
2,1,87,3,                       
2,1,87,4,                       
2,1,88,0,                       
2,1,88,1,                       
2,1,88,2,                       
2,1,88,3,                       
2,1,88,4,                       
2,1,100,0,                       
2,1,100,1,                       
2,1,100,2,                       
2,1,100,3,                       
2,1,100,4,                       
2,1,101,0,                       
2,1,101,1,                       
2,1,101,2,                       
2,1,101,3,                       
2,1,101,4,                       
2,1,102,0,                       
2,1,102,1,                       
2,1,102,2,                       
2,1,102,3,                       
2,1,102,4,                       
2,1,103,0,                       
2,1,103,1,                       
2,1,103,2,                       
2,1,103,3,                       
2,1,103,4,                       
2,2,1,0,CORR BY SPONSOR VOID   
2,2,1,1,CORR BY SPONSOR VOID   
2,2,1,2,CORR BY SPONSOR VOID   
2,2,1,3,                       
2,2,1,4,                       
2,2,2,0,CORR BY SPONSORS LOUNGE
2,2,2,1,CORR BY SPOSORS LOUNGE 
2,2,2,2,CORR BY SPOSORS LOUNGE 
2,2,2,3,                       
2,2,2,4,                       
2,2,3,0,DIS. WC BY SPONSORS    
2,2,3,1,DIS. WC BY SPONSORS    
2,2,3,2,DIS. WC BY SPONSORS    
2,2,3,3,                       
2,2,3,4,                       
2,2,4,0,BOARD ROOM PANTRY      
2,2,4,1,BOARD ROOM PANTRY      
2,2,4,2,BOARD ROOM PANTRY      
2,2,4,3,                       
2,2,4,4,                       
2,2,5,0,BOARD ROOM PANTRY VOID 
2,2,5,1,BOARD ROOM PANTRY VOID 
2,2,5,2,BOARD ROOM PANTRY VOID 
2,2,5,3,                       
2,2,5,4,                       
2,2,6,0,CORR VOID BY CLUB OFFICE
2,2,6,1,CORR VOID BY CLUB OFFICE
2,2,6,2,CORR VOID BY CLUB OFFICE
2,2,6,3,                       
2,2,6,4,                       
2,2,7,0,CORR BY SPONSORS LOUNGE
2,2,7,1,CORR BY SPONSORS LOUNGE
2,2,7,2,CORR BY SPONSORS LOUNGE
2,2,7,3,                       
2,2,7,4,                       
2,2,8,0,BOARD ROOM VOID        
2,2,8,1,BOARD ROOM VOID        
2,2,8,2,BOARD ROOM VOID        
2,2,8,3,                       
2,2,8,4,                       
2,2,9,0,BOARD ROOM             
2,2,9,1,BOARD ROOM             
2,2,9,2,BOARD ROOM             
2,2,9,3,                       
2,2,9,4,                       
2,2,10,0,CORRIDOR BY CLUB OFFICE
2,2,10,1,CORRIDOR BY CLUB OFFICE
2,2,10,2,CORRIDOR BY CLUB OFFICE
2,2,10,3,                       
2,2,10,4,                       
2,2,11,0,BOARD ROOM VOID        
2,2,11,1,BOARD ROOM VOID        
2,2,11,2,BOARD ROOM VOID        
2,2,11,3,                       
2,2,11,4,                       
2,2,12,0,BOARD ROOM             
2,2,12,1,BOARD ROOM             
2,2,12,2,BOARD ROOM             
2,2,12,3,                       
2,2,12,4,                       
2,2,13,0,ACCOUNTS STORE ROOM    
2,2,13,1,ACCOUNTS STORE ROOM    
2,2,13,2,ACCOUNTS STORE ROOM    
2,2,13,3,                       
2,2,13,4,                       
2,2,14,0,CORR BY CLUB OFFICE VOID
2,2,14,1,CORR BY CLUB OFFICE VOID
2,2,14,2,CORR BY CLUB OFFICE VOID
2,2,14,3,                       
2,2,14,4,                       
2,2,15,0,MAIL ORDER STORE ROOM  
2,2,15,1,MAIL ORDER STORE ROOM  
2,2,15,2,MAIL ORDER STORE ROOM  
2,2,15,3,                       
2,2,15,4,                       
2,2,16,0,CORRIDOR BY CLUB SHOP  
2,2,16,1,CORRIDOR BY CLUB SHOP  
2,2,16,2,CORRIDOR BY CLUB SHOP  
2,2,16,3,                       
2,2,16,4,                       
2,2,17,0,MALE WC BY CLUB OFFICES
2,2,17,1,MALE WC BY CLUB OFFICES
2,2,17,2,MALE WC BY CLUB OFFICES
2,2,17,3,                       
2,2,17,4,                       
2,2,18,0,MALE WC CLUB OFFICE VOID
2,2,18,1,MALE WC CLUB OFFICE VOID
2,2,18,2,MALE WC CLUB OFFICE VOID
2,2,18,3,                       
2,2,18,4,                       
2,2,19,0,FEMALE WC BY CLUB OFFICE
2,2,19,1,FEMALE WC BY CLUB OFFICE
2,2,19,2,FEMALE WC BY CLUB OFFICE
2,2,19,3,                       
2,2,19,4,                       
2,2,20,0,DIS WC BY CLUB OFFICES 
2,2,20,1,DIS WC BY CLUB OFFICES 
2,2,20,2,DIS WC BY CLUB OFFICES 
2,2,20,3,                       
2,2,20,4,                       
2,2,21,0,DIS WC VOID CLUB OFFICE
2,2,21,1,DIS WC VOID CLUB OFFICE
2,2,21,2,DIS WC VOID CLUB OFFICE
2,2,21,3,                       
2,2,21,4,                       
2,2,22,0,CLUB OFFICE VOID       
2,2,22,1,CLUB OFFICE VOID       
2,2,22,2,CLUB OFFICE VOID       
2,2,22,3,                       
2,2,22,4,                       
2,2,23,0,CLUB OFFICES           
2,2,23,1,CLUB OFFICES           
2,2,23,2,CLUB OFFICES           
2,2,23,3,                       
2,2,23,4,                       
2,2,24,0,CLUB OFFICE ENTRANCE   
2,2,24,1,CLUB OFFICE ENTRANCE   
2,2,24,2,CLUB OFFICE ENTRANCE   
2,2,24,3,                       
2,2,24,4,                       
2,2,25,0,CLUB OFFICE ENTRANCE   
2,2,25,1,CLUB OFFICE ENTRANCE   
2,2,25,2,                       
2,2,25,3,                       
2,2,25,4,                       
2,2,26,0,LIFT LOBBY             
2,2,26,1,LIFT LOBBY             
2,2,26,2,LIFT LOBBY             
2,2,26,3,                       
2,2,26,4,                       
2,2,27,0,LIFT LOBBY             
2,2,27,1,LIFT LOBBY             
2,2,27,2,LIFT LOBBY             
2,2,27,3,                       
2,2,27,4,                       
2,2,28,0,LIFT LOBBY VOID        
2,2,28,1,LIFT LOBBY VOID        
2,2,28,2,Lift Lobby Void FF SE  
2,2,28,3,                       
2,2,28,4,                       
2,2,29,0,LIFT LOBBY             
2,2,29,1,LIFT LOBBY             
2,2,29,2,LIFT LOBBY             
2,2,29,3,                       
2,2,29,4,                       
2,2,30,0,LIFT LOBBY VOID        
2,2,30,1,LIFT LOBBY VOID        
2,2,30,2,LIFT LOBBY VOID        
2,2,30,3,                       
2,2,30,4,                       
2,2,31,0,CORRIDOR BY STAIR 3    
2,2,31,1,CORRIDOR BY STAIR 3    
2,2,31,2,CORRIDOR BY STAIR 3    
2,2,31,3,                       
2,2,31,4,                       
2,2,32,0,CORRIDOR STAIR 3 VOID  
2,2,32,1,CORRIDOR STAIR 3 VOID  
2,2,32,2,CORRIDOR STAIR 3 VOID  
2,2,32,3,                       
2,2,32,4,                       
2,2,33,0,CORRIDOR BY STAIR 3    
2,2,33,1,CORRIDOR BY STAIR 3    
2,2,33,2,                       
2,2,33,3,                       
2,2,33,4,                       
2,2,34,0,FEMALE WC BY STAIR3 VOID
2,2,34,1,FEMALE WC BY STAIR3 VOID
2,2,34,2,FEMALE WC BY STAIR3 VOID
2,2,34,3,                       
2,2,34,4,                       
2,2,35,0,FEMALE WC BY STAIR 3   
2,2,35,1,FEMALE WC BY STAIR 3   
2,2,35,2,FEMALE WC BY STAIR 3   
2,2,35,3,                       
2,2,35,4,                       
2,2,36,0,MALE WC BY STAIR 3     
2,2,36,1,MALE WC BY STAIR 3     
2,2,36,2,MALE WC BY STAIR 3     
2,2,36,3,                       
2,2,36,4,                       
2,2,37,0,BOARD ROOM CORRIDOR    
2,2,37,1,BOARD ROOM CORRIDOR    
2,2,37,2,BOARD ROOM CORRIDOR    
2,2,37,3,                       
2,2,37,4,                       
2,2,38,0,BOARD ROOM CORRIDOR    
2,2,38,1,BOARD ROOM CORRIDOR    
2,2,38,2,                       
2,2,38,3,                       
2,2,38,4,                       
2,2,39,0,CORRIDOR BY CLUB OFFICES
2,2,39,1,CORRIDOR BY CLUB OFFICES
2,2,39,2,CORRIDOR BY CLUB OFFICES
2,2,39,3,                       
2,2,39,4,                       
2,2,40,0,CORRIDOR BY CLUB OFFICES
2,2,40,1,CORRIDOR BY CLUB OFFICES
2,2,40,2,CORRIDOR BY CLUB OFFICES
2,2,40,3,                       
2,2,40,4,                       
2,2,41,0,FINANCE OFFICE 2       
2,2,41,1,FINANCE OFFICE 2       
2,2,41,2,FINANCE OFFICE 2       
2,2,41,3,                       
2,2,41,4,                       
2,2,42,0,FINANCE OFFICE 2 VOID  
2,2,42,1,FINANCE OFFICE 2 VOID  
2,2,42,2,FINANCE OFFICE 2 VOID  
2,2,42,3,                       
2,2,42,4,                       
2,2,43,0,1ST FLOOR LANDING      
2,2,43,1,1ST FLOOR LANDING      
2,2,43,2,1ST FLOOR LANDING      
2,2,43,3,                       
2,2,43,4,                       
2,2,44,0,FINANCE OFFICE 1       
2,2,44,1,FINANCE OFFICE 1       
2,2,44,2,FINANCE OFFICE 1       
2,2,44,3,                       
2,2,44,4,                       
2,2,45,0,FINANCE OFFICE 1 VOID  
2,2,45,1,FINANCE OFFICE 1 VOID  
2,2,45,2,FINANCE OFFICE 1 VOID  
2,2,45,3,                       
2,2,45,4,                       
2,2,46,0,CLUB OFFICE ENT VOID   
2,2,46,1,CLUB OFFICE ENT VOID   
2,2,46,2,CLUB OFFICE ENT VOID   
2,2,46,3,                       
2,2,46,4,                       
2,2,47,0,CLUB OFFICES           
2,2,47,1,CLUB OFFICES           
2,2,47,2,CLUB OFFICES           
2,2,47,3,                       
2,2,47,4,                       
2,2,48,0,CORRIDOR BY CLUB OFFICE
2,2,48,1,CORRIDOR BY CLUB OFFICE
2,2,48,2,CORRIDOR BY CLUB OFFICE
2,2,48,3,                       
2,2,48,4,                       
2,2,49,0,CORR BY CLUB OFFICE VOID
2,2,49,1,CORR BY CLUB OFFICE VOID
2,2,49,2,CORR BY CLUB OFFICE VOID
2,2,49,3,                       
2,2,49,4,                       
2,2,50,0,CLUB OFFICE VOID       
2,2,50,1,CLUB OFFICE VOID       
2,2,50,2,CLUB OFFICE VOID       
2,2,50,3,                       
2,2,50,4,                       
2,2,51,0,CLUB OFFICE VOID       
2,2,51,1,CLUB OFFICE VOID       
2,2,51,2,CLUB OFFICE VOID       
2,2,51,3,                       
2,2,51,4,                       
2,2,52,0,CLUB OFFICES           
2,2,52,1,CLUB OFFICES           
2,2,52,2,CLUB OFFICES           
2,2,52,3,                       
2,2,52,4,                       
2,2,53,0,CLUB OFFICES           
2,2,53,1,CLUB OFFICES           
2,2,53,2,CLUB OFFICES           
2,2,53,3,                       
2,2,53,4,                       
2,2,55,0,CORRIDOR BY PLANT ROOM 
2,2,55,1,CORRIDOR BY PLANT ROOM 
2,2,55,2,CORRIDOR BY PLANT ROOM 
2,2,55,3,                       
2,2,55,4,                       
2,2,56,0,PLANT ROOM             
2,2,56,1,PLANT ROOM             
2,2,56,2,PLANT ROOM             
2,2,56,3,                       
2,2,56,4,                       
2,2,57,0,PLANT ROOM             
2,2,57,1,PLANT ROOM             
2,2,57,2,PLANT ROOM             
2,2,57,3,                       
2,2,57,4,                       
2,2,58,0,SERVER ROOM            
2,2,58,1,SERVER ROOM            
2,2,58,2,SERVER ROOM            
2,2,58,3,                       
2,2,58,4,                       
2,2,59,0,CHAIRMANS OFFICE       
2,2,59,1,CHAIRMANS OFFICE       
2,2,59,2,CHAIRMANS OFFICE       
2,2,59,3,                       
2,2,59,4,                       
2,2,60,0,STAFF KITCHEN VOID     
2,2,60,1,STAFF KITCHEN VOID     
2,2,60,2,STAFF KITCHEN VOID     
2,2,60,3,                       
2,2,60,4,                       
2,2,61,0,PLANT ROOM             
2,2,61,1,PLANT ROOM             
2,2,61,2,                       
2,2,61,3,                       
2,2,61,4,                       
2,2,62,0,CORRIDOR BY PLANT ROOM 
2,2,62,1,CORRIDOR BY PLANT ROOM 
2,2,62,2,CORRIDOR BY PLANT ROOM 
2,2,62,3,                       
2,2,62,4,                       
2,2,63,0,CORRIDOR BY PLANT ROOM 
2,2,63,1,CORRIDOR BY PLANT ROOM 
2,2,63,2,                       
2,2,63,3,                       
2,2,63,4,                       
2,2,64,0,PLANT ROOM             
2,2,64,1,PLANT ROOM             
2,2,64,2,PLANT ROOM             
2,2,64,3,                       
2,2,64,4,                       
2,2,65,0,PLANT ROOM             
2,2,65,1,PLANT ROOM             
2,2,65,2,PLANT ROOM             
2,2,65,3,                       
2,2,65,4,                       
2,2,66,0,CORRIDOR BY PLANT ROOM 
2,2,66,1,CORRIDOR BY PLANT ROOM 
2,2,66,2,CORRIDOR BY PLANT ROOM 
2,2,66,3,                       
2,2,66,4,                       
2,2,67,0,CORRIDOR BY PLANT ROOM 
2,2,67,1,DOOR RETAINERS         
2,2,67,2,CORRIDOR BY PLANT ROOM 
2,2,67,3,CORRIDOR BY PLANT ROOM 
2,2,67,4,CORRIDOR BY PLANT ROOM 
2,2,68,0,1ST FLOOR LANDING      
2,2,68,1,1ST FLOOR LANDING      
2,2,68,2,1ST FLOOR LANDING      
2,2,68,3,                       
2,2,68,4,                       
2,2,69,0,DIS WC BY SPONSORS VOID
2,2,69,1,DIS WC BY SPONSORS VOID
2,2,69,2,DIS WC BY SPONSORS VOID
2,2,69,3,                       
2,2,69,4,                       
2,2,70,0,MALE WC VOID BY STAIR 3
2,2,70,1,MALE WC VOID BY STAIR 3
2,2,70,2,MALE WC VOID BY STAIR 3
2,2,70,3,                       
2,2,70,4,                       
2,2,71,0,MALE WC VOID BY STAIR 3
2,2,71,1,MALE WC VOID BY STAIR 3
2,2,71,2,MALE WC VOID BY STAIR 3
2,2,71,3,                       
2,2,71,4,                       
2,2,72,0,CORR BY CLUB OFFICE VOID
2,2,72,1,CORR BY CLUB OFFICE VOID
2,2,72,2,CORR BY CLUB OFFICE VOID
2,2,72,3,                       
2,2,72,4,                       
2,2,73,0,SERVER ROOM VOID       
2,2,73,1,SERVER ROOM VOID       
2,2,73,2,SERVER ROOM VOID       
2,2,73,3,                       
2,2,73,4,                       
2,2,74,0,CHAIRMANS OFFICE VOID  
2,2,74,1,CHAIRMANS OFFICE VOID  
2,2,74,2,CHAIRMANS OFFICE VOID  
2,2,74,3,                       
2,2,74,4,                       
2,2,75,0,FEMALE WC VOID BY OFFICE
2,2,75,1,FEMALE WC VOID BY OFFICE
2,2,75,2,FEMALE WC VOID BY OFFICE
2,2,75,3,                       
2,2,75,4,                       
2,2,76,0,BOARD ROOM CORRIDOR VOID
2,2,76,1,BOARD ROOM CORRIDOR VOID
2,2,76,2,BOARD ROOM CORRIDOR VOID
2,2,76,3,                       
2,2,76,4,                       
2,2,77,0,PLANT ROOM             
2,2,77,1,PLANT ROOM             
2,2,77,2,PLANT ROOM             
2,2,77,3,                       
2,2,77,4,                       
2,2,78,0,PLANT ROOM             
2,2,78,1,PLANT ROOM             
2,2,78,2,PLANT ROOM             
2,2,78,3,                       
2,2,78,4,                       
2,2,79,0,DIS WC BY SPONSORS     
2,2,79,1,DIS WC BY SPONSORS     
2,2,79,2,DIS WC BY SPONSORS     
2,2,79,3,                       
2,2,79,4,                       
2,2,80,0,FEMALE WC BY STAIR 3   
2,2,80,1,FEMALE WC BY STAIR 3   
2,2,80,2,FEMALE WC BY STAIR 3   
2,2,80,3,                       
2,2,80,4,                       
2,2,81,0,MALE WC BY STAIRS 3    
2,2,81,1,MALE WC BY STAIRS 3    
2,2,81,2,MALE WC BY STAIRS 3    
2,2,81,3,                       
2,2,81,4,                       
2,2,82,0,FEMALE WC BY CLUB OFFICE
2,2,82,1,FEMALE WC BY CLUB OFFICE
2,2,82,2,FEMALE WC BY CLUB OFFICE
2,2,82,3,                       
2,2,82,4,                       
2,2,83,0,DIS WC BY CLUB OFFICES 
2,2,83,1,DIS WC BY CLUB OFFICES 
2,2,83,2,DIS WC BY CLUB OFFICES 
2,2,83,3,                       
2,2,83,4,                       
2,2,84,0,MALE WC BY CLUB OFFICES
2,2,84,1,MALE WC BY CLUB OFFICES
2,2,84,2,MALE WC BY CLUB OFFICES
2,2,84,3,                       
2,2,84,4,                       
2,2,85,0,PLANT ROOM             
2,2,85,1,BMS                    
2,2,85,2,PLANT ROOM             
2,2,85,3,PLANT ROOM             
2,2,85,4,PLANT ROOM             
2,3,1,0,2ND FLOOR LANDING      
2,3,1,1,2ND FLOOR LANDING      
2,3,1,2,2ND FLOOR LANDING      
2,3,1,3,                       
2,3,1,4,                       
2,3,2,0,2ND FLOOR LANDING      
2,3,2,1,LIFT 5                 
2,3,2,2,2ND FLOOR LANDING      
2,3,2,3,2ND FLOOR LANDING      
2,3,2,4,2ND FLOOR LANDING      
2,3,3,0,2ND FLR LANDING BY LIFT
2,3,3,1,2ND FLR LANDING BY LIFT
2,3,3,2,2ND FLR LANDING BY LIFT
2,3,3,3,                       
2,3,3,4,                       
2,3,4,0,LIFT SHAFT 5           
2,3,4,1,LIFT SHAFT 5           
2,3,4,2,LIFT SHAFT 5           
2,3,4,3,                       
2,3,4,4,                       
2,3,5,0,CORRIDOR BY CONTROL ROOM
2,3,5,1,CORRIDOR BY CONTROL ROOM
2,3,5,2,                       
2,3,5,3,                       
2,3,5,4,                       
2,3,6,0,CORRIDOR BY CONTROL ROOM
2,3,6,1,CORRIDOR BY CONTROL ROOM
2,3,6,2,CORRIDOR BY CONTROL ROOM
2,3,6,3,                       
2,3,6,4,                       
2,3,7,0,STORE BY CONTROL ROOM  
2,3,7,1,STORE BY CONTROL ROOM  
2,3,7,2,STORE BY CONTROL ROOM  
2,3,7,3,                       
2,3,7,4,                       
2,3,8,0,CORRIDOR BY CONTROL ROOM
2,3,8,1,CORRIDOR BY CONTROL ROOM
2,3,8,2,CORRIDOR BY CONTROL ROOM
2,3,8,3,                       
2,3,8,4,                       
2,3,9,0,CORRIDOR BY PAVA ROOM  
2,3,9,1,CORRIDOR BY PAVA ROOM  
2,3,9,2,CORRIDOR BY PAVA ROOM  
2,3,9,3,                       
2,3,9,4,                       
2,3,10,0,CONTROL ROOM           
2,3,10,1,NOT USED               
2,3,10,2,CONTROL ROOM           
2,3,10,3,CONTROL ROOM           
2,3,10,4,CONTROL ROOM           
2,3,11,0,CONTROL ROOM           
2,3,11,1,CONTROL ROOM           
2,3,11,2,CONTROL ROOM           
2,3,11,3,                       
2,3,11,4,                       
2,3,12,0,CONTROL ROOM VOID      
2,3,12,1,CONTROL ROOM VOID      
2,3,12,2,CONTROL ROOM VOID      
2,3,12,3,                       
2,3,12,4,                       
2,3,13,0,WC BY CONTROL ROOM     
2,3,13,1,WC BY CONTROL ROOM     
2,3,13,2,WC BY CONTROL ROOM     
2,3,13,3,                       
2,3,13,4,                       
2,3,14,0,DIS WC BY CONTROL ROOM 
2,3,14,1,DIS WC BY CONTROL ROOM 
2,3,14,2,DIS WC BY CONTROL ROOM 
2,3,14,3,                       
2,3,14,4,                       
2,3,15,0,CONTROL TEA ROOM       
2,3,15,1,CONTROL TEA ROOM       
2,3,15,2,CONTROL TEA ROOM       
2,3,15,3,                       
2,3,15,4,                       
2,3,16,0,CONTROL TEA ROOM VOID  
2,3,16,1,CONTROL TEA ROOM VOID  
2,3,16,2,CONTROL TEA ROOM VOID  
2,3,16,3,                       
2,3,16,4,                       
2,3,17,0,CONTROL ROOM           
2,3,17,1,NOT USED               
2,3,17,2,CONTROL ROOM           
2,3,17,3,CONTROL ROOM           
2,3,17,4,CONTROL ROOM           
2,3,18,0,PAVA ROOM VOID         
2,3,18,1,PAVA ROOM VOID         
2,3,18,2,PAVA ROOM VOID         
2,3,18,3,                       
2,3,18,4,                       
2,3,19,0,PAVA ROOM              
2,3,19,1,PAVA ROOM              
2,3,19,2,PAVA ROOM              
2,3,19,3,                       
2,3,19,4,                       
2,3,20,0,DISABLED WC            
2,3,20,1,DISABLED WC            
2,3,20,2,DISABLED WC            
2,3,20,3,                       
2,3,20,4,                       
2,3,21,0,DISABLED WC            
2,3,21,1,DISABLED WC            
2,3,21,2,DISABLED WC            
2,3,21,3,                       
2,3,21,4,                       
2,3,22,0,PAVA ROOM              
2,3,22,1,PAVA ROOM              
2,3,22,2,PAVA ROOM              
2,3,22,3,                       
2,3,22,4,                       
2,3,23,0,CORRIDOR BY DISABLED WC
2,3,23,1,CORRIDOR BY DISABLED WC
2,3,23,2,CORRIDOR BY DISABLED WC
2,3,23,3,                       
2,3,23,4,                       
2,3,24,0,2ND FLOOR LANDING      
2,3,24,1,2ND FLOOR LANDING      
2,3,24,2,2ND FLOOR LANDING      
2,3,24,3,                       
2,3,24,4,                       
2,3,25,0,2ND FLOOR LANDING      
2,3,25,1,2ND FLOOR LANDING      
2,3,25,2,                       
2,3,25,3,                       
2,3,25,4,                       
2,3,26,0,LIFT 4 KITCHEN VOID    
2,3,26,1,LIFT 4 KITCHEN VOID    
2,3,26,2,LIFT 4 KITCHEN VOID    
2,3,26,3,LIFT 4 KITCHEN VOID    
2,3,26,4,LIFT 4 KITCHEN VOID    
2,3,27,0,CORRIDOR BY LIFT 4     
2,3,27,1,CORRIDOR BY LIFT 4     
2,3,27,2,CORRIDOR BY LIFT 4     
2,3,27,3,                       
2,3,27,4,                       
2,3,28,0,LIFT SHAFT 4           
2,3,28,1,LIFT SHAFT 4           
2,3,28,2,LIFT SHAFT 4           
2,3,28,3,                       
2,3,28,4,                       
2,3,29,0,CORRIDOR BY KITCHEN    
2,3,29,1,CORRIDOR BY KITCHEN    
2,3,29,2,CORRIDOR BY KITCHEN    
2,3,29,3,                       
2,3,29,4,                       
2,3,30,0,PREMIER LOUNGE VOID    
2,3,30,1,NOT USED               
2,3,30,2,PREMIER LOUNGE VOID    
2,3,30,3,PREMIER LOUNGE VOID    
2,3,30,4,PREMIER LOUNGE VOID    
2,3,31,0,PREMIER LOUNGE VOID    
2,3,31,1,PREMIER LOUNGE VOID    
2,3,31,2,PREMIER LOUNGE VOID    
2,3,31,3,PREMIER LOUNGE VOID    
2,3,31,4,PREMIER LOUNGE VOID    
2,3,32,0,PREMIER LOUNGE VOID    
2,3,32,1,PREMIER LOUNGE VOID    
2,3,32,2,PREMIER LOUNGE VOID    
2,3,32,3,                       
2,3,32,4,                       
2,3,33,0,PREMIER LOUNGE         
2,3,33,1,PREMIER LOUNGE         
2,3,33,2,PREMIER LOUNGE         
2,3,33,3,                       
2,3,33,4,                       
2,3,34,0,PREMIER LOUNGE         
2,3,34,1,NOT USED               
2,3,34,2,PREMIER LOUNGE         
2,3,34,3,PREMIER LOUNGE         
2,3,34,4,PREMIER LOUNGE         
2,3,35,0,PREMIER LOUNGE         
2,3,35,1,NOT USED               
2,3,35,2,PREMIER LOUNGE         
2,3,35,3,PREMIER LOUNGE         
2,3,35,4,PREMIER LOUNGE         
2,3,36,0,PREMIER LOUNGE         
2,3,36,1,PREMIER LOUNGE         
2,3,36,2,PREMIER LOUNGE         
2,3,36,3,                       
2,3,36,4,                       
2,3,37,0,PREMIER LOUNGE VOID    
2,3,37,1,PREMIER LOUNGE VOID    
2,3,37,2,PREMIER LOUNGE VOID    
2,3,37,3,                       
2,3,37,4,                       
2,3,38,0,CORP. BOX 1            
2,3,38,1,CORP. BOX 1            
2,3,38,2,CORP. BOX 1            
2,3,38,3,                       
2,3,38,4,                       
2,3,39,0,CORRIDOR BY CORP. BOX 2
2,3,39,1,CORRIDOR BY CORP. BOX 2
2,3,39,2,CORRIDOR BY CORP. BOX 2
2,3,39,3,                       
2,3,39,4,                       
2,3,40,0,CORR VOID BY CORP. BOX 2
2,3,40,1,CORR VOID BY CORP. BOX 2
2,3,40,2,CORR VOID BY CORP. BOX 2
2,3,40,3,                       
2,3,40,4,                       
2,3,41,0,CORP. BOX 2            
2,3,41,1,CORP BOX 2             
2,3,41,2,CORP BOX 2             
2,3,41,3,                       
2,3,41,4,                       
2,3,42,0,CORP. BOX 3            
2,3,42,1,CORP. BOX 3            
2,3,42,2,CORP. BOX 3            
2,3,42,3,                       
2,3,42,4,                       
2,3,43,0,CORP. BOX 4            
2,3,43,1,CORP. BOX 4            
2,3,43,2,CORP. BOX 4            
2,3,43,3,                       
2,3,43,4,                       
2,3,44,0,CORP. BOX 5            
2,3,44,1,CORP. BOX 5            
2,3,44,2,CORP. BOX 5            
2,3,44,3,                       
2,3,44,4,                       
2,3,45,0,CORR VOID BY CORP. BOX 5
2,3,45,1,CORR VOID BY CORP. BOX 5
2,3,45,2,CORR VOID BY CORP. BOX 5
2,3,45,3,                       
2,3,45,4,                       
2,3,46,0,CORRIDOR BY CORP BOX 5 
2,3,46,1,CORRIDOR BY CORP BOX 5 
2,3,46,2,CORRIDOR BY CORP BOX 5 
2,3,46,3,                       
2,3,46,4,                       
2,3,47,0,PREMIER LOUNGE STORE   
2,3,47,1,PREMIER LOUNGE STORE   
2,3,47,2,PREMIER LOUNGE STORE   
2,3,47,3,                       
2,3,47,4,                       
2,3,48,0,PREMIER LOUNGE MALE WC 
2,3,48,1,PREMIER LOUNGE MALE WC 
2,3,48,2,PREMIER LOUNGE MALE WC 
2,3,48,3,                       
2,3,48,4,                       
2,3,49,0,PREMIER LOUNGE DIS WC  
2,3,49,1,PREMIER LOUNGE DIS WC  
2,3,49,2,PREMIER LOUNGE DIS WC  
2,3,49,3,                       
2,3,49,4,                       
2,3,52,0,PREMIER LOUNGE DIS WC  
2,3,52,1,PREMIER LOUNGE DIS WC  
2,3,52,2,PREMIER LOUNGE DIS WC  
2,3,52,3,                       
2,3,52,4,                       
2,3,53,0,EXIT TO STAIR 3        
2,3,53,1,EXIT TO STAIR 3        
2,3,53,2,                       
2,3,53,3,                       
2,3,53,4,                       
2,3,54,0,FEMALE WC BY CORP. BOX 6
2,3,54,1,FEMALE WC BY CORP. BOX 6
2,3,54,2,FEMALE WC BY CORP. BOX 6
2,3,54,3,                       
2,3,54,4,                       
2,3,55,0,FEMALE WC BY CORP. BOX 6
2,3,55,1,FEMALE WC BY CORP. BOX 6
2,3,55,2,FEMALE WC BY CORP. BOX 6
2,3,55,3,                       
2,3,55,4,                       
2,3,56,0,PLANT ROOM             
2,3,56,1,PLANT ROOM             
2,3,56,2,PLANT ROOM             
2,3,56,3,                       
2,3,56,4,                       
2,3,57,0,PLANT ROOM             
2,3,57,1,AIR HANDLING UNIT      
2,3,57,2,PLANT ROOM             
2,3,57,3,PLANT ROOM             
2,3,57,4,PLANT ROOM             
2,3,58,0,EXTERNAL WEST SIDE     
2,3,58,1,EXTERNAL WEST SIDE     
2,3,58,2,                       
2,3,58,3,                       
2,3,58,4,                       
2,3,59,0,EXTERNAL WEST SIDE     
2,3,59,1,EXTERNAL WEST SIDE     
2,3,59,2,EXTERNAL WEST SIDE     
2,3,59,3,                       
2,3,59,4,                       
2,3,60,0,TV SUITE               
2,3,60,1,TV SUITE               
2,3,60,2,TV SUITE               
2,3,60,3,                       
2,3,60,4,                       
2,3,61,0,EXIT TO STAIRCASE      
2,3,61,1,EXIT TO STAIRCASE      
2,3,61,2,                       
2,3,61,3,                       
2,3,61,4,                       
2,3,62,0,STAIRCASE LANDING      
2,3,62,1,STAIRCASE LANDING      
2,3,62,2,STAIRCASE LANDING      
2,3,62,3,                       
2,3,62,4,                       
2,3,63,0,PLANT ROOM STAIR       
2,3,63,1,NOT USED               
2,3,63,2,PLANT ROOM STAIR       
2,3,63,3,PLANT ROOM STAIR       
2,3,63,4,PLANT ROOM STAIR       
2,3,64,0,EXTERNAL EAST SIDE     
2,3,64,1,EXTERNAL EAST SIDE     
2,3,64,2,                       
2,3,64,3,                       
2,3,64,4,                       
2,3,65,0,EXTERNAL EAST SIDE     
2,3,65,1,EXTERNAL EAST SIDE     
2,3,65,2,EXTERNAL EAST SIDE     
2,3,65,3,                       
2,3,65,4,                       
2,3,66,0,LOBBY BY WC            
2,3,66,1,LOBBY BY WC            
2,3,66,2,LOBBY BY WC            
2,3,66,3,                       
2,3,66,4,                       
2,3,67,0,CORRIDOR BY STORE ROOM 
2,3,67,1,CORRIDOR BY STORE ROOM 
2,3,67,2,CORRIDOR BY STORE ROOM 
2,3,67,3,                       
2,3,67,4,                       
2,3,68,0,CORRIDOR BY PLANT ROOM 
2,3,68,1,CORRIDOR BY PLANT ROOM 
2,3,68,2,CORRIDOR BY PLANT ROOM 
2,3,68,3,                       
2,3,68,4,                       
2,3,69,0,WC SECOND FLOOR        
2,3,69,1,WC SECOND FLOOR        
2,3,69,2,WC SECOND FLOOR        
2,3,69,3,                       
2,3,69,4,                       
2,3,70,0,CORR BY STAIR 3 VOID   
2,3,70,1,CORR BY STAIR 3 VOID   
2,3,70,2,CORR BY STAIR 3 VOID   
2,3,70,3,                       
2,3,70,4,                       
2,3,71,0,CORRIDOR BY STAIR 3    
2,3,71,1,CORRIDOR BY STAIR 3    
2,3,71,2,CORRIDOR BY STAIR 3    
2,3,71,3,                       
2,3,71,4,                       
2,3,72,0,PREMIER LOUNGE FEMALE WC
2,3,72,1,PREMIER LOUNGE FEMALE WC
2,3,72,2,PREMIER LOUNGE FEMALE WC
2,3,72,3,                       
2,3,72,4,                       
2,3,73,0,PREMIER FEMALE WC VOID 
2,3,73,1,PREMIER FEMALE WC VOID 
2,3,73,2,PREMIER FEMALE WC VOID 
2,3,73,3,                       
2,3,73,4,                       
2,3,74,0,PREMIER LOUNGE CORR VOID
2,3,74,1,PREMIER LOUNGE CORR VOID
2,3,74,2,PREMIER LOUNGE CORR VOID
2,3,74,3,                       
2,3,74,4,                       
2,3,75,0,PREMIER LOUNGE CORR    
2,3,75,1,PREMIER LOUNGE CORR    
2,3,75,2,PREMIER LOUNGE CORR    
2,3,75,3,                       
2,3,75,4,                       
2,3,76,0,PREMIER MALE WC VOID   
2,3,76,1,PREMIER MALE WC VOID   
2,3,76,2,PREMIER MALE WC VOID   
2,3,76,3,                       
2,3,76,4,                       
2,3,77,0,PREMIER LOUNGE VOID    
2,3,77,1,PREMIER LOUNGE VOID    
2,3,77,2,PREMIER LOUNGE VOID    
2,3,77,3,                       
2,3,77,4,                       
2,3,78,0,PREMIER LOUNGE         
2,3,78,1,PREMIER LOUNGE         
2,3,78,2,PREMIER LOUNGE         
2,3,78,3,                       
2,3,78,4,                       
2,3,79,0,PREMIER LOUNGE         
2,3,79,1,PREMIER LOUNGE         
2,3,79,2,PREMIER LOUNGE         
2,3,79,3,                       
2,3,79,4,                       
2,3,80,0,PREMIER LOUNGE VOID    
2,3,80,1,PREMIER LOUNGE VOID    
2,3,80,2,PREMIER LOUNGE VOID    
2,3,80,3,                       
2,3,80,4,                       
2,3,81,0,FEMALE WC LOBBY VOID   
2,3,81,1,FEMALE WC LOBBY VOID   
2,3,81,2,FEMALE WC LOBBY VOID   
2,3,81,3,                       
2,3,81,4,                       
2,3,82,0,ELEC ROOM BY CORP. BOX 5
2,3,82,1,ELEC ROOM BY CORP. BOX 5
2,3,82,2,ELEC ROOM BY CORP. BOX 5
2,3,82,3,                       
2,3,82,4,                       
2,3,83,0,STAIR 3 LANDING VOID   
2,3,83,1,STAIR 3 LANDING VOID   
2,3,83,2,STAIR 3 LANDING VOID   
2,3,83,3,                       
2,3,83,4,                       
2,3,84,0,STORE BY CORP. BOX 3   
2,3,84,1,STORE BY CORP. BOX 3   
2,3,84,2,STORE BY CORP. BOX 3   
2,3,84,3,                       
2,3,84,4,                       
2,3,85,0,ELEC ROOM BY CORP BOX 1
2,3,85,1,ELEC ROOM BY CORP BOX 1
2,3,85,2,ELEC ROOM BY CORP BOX 1
2,3,85,3,                       
2,3,85,4,                       
2,3,86,0,PREM LOUNGE STORE VOID 
2,3,86,1,PREM LOUNGE STORE VOID 
2,3,86,2,PREM LOUNGE STORE VOID 
2,3,86,3,                       
2,3,86,4,                       
2,3,88,0,2ND FLOOR LANDING      
2,3,88,1,2ND FLOOR LANDING      
2,3,88,2,2ND FLOOR LANDING      
2,3,88,3,                       
2,3,88,4,                       
2,3,90,0,CORP BOX 1 VOID        
2,3,90,1,CORP BOX 1 VOID        
2,3,90,2,CORP BOX 1 VOID        
2,3,90,3,                       
2,3,90,4,                       
2,3,91,0,CORP. BOX 2 VOID       
2,3,91,1,CORP. BOX 2 VOID       
2,3,91,2,CORP. BOX 2 VOID       
2,3,91,3,                       
2,3,91,4,                       
2,3,92,0,CORP. BOX 3 VOID       
2,3,92,1,CORP. BOX 3 VOID       
2,3,92,2,CORP. BOX 3 VOID       
2,3,92,3,                       
2,3,92,4,                       
2,3,93,0,CORP. BOX 4 VOID       
2,3,93,1,CORP. BOX 4 VOID       
2,3,93,2,CORP. BOX 4 VOID       
2,3,93,3,                       
2,3,93,4,                       
2,3,94,0,CORP. BOX 5 VOID       
2,3,94,1,CORP. BOX 5 VOID       
2,3,94,2,CORP. BOX 5 VOID       
2,3,94,3,                       
2,3,94,4,                       
2,3,95,0,FEMALE WC VOID         
2,3,95,1,FEMALE WC VOID         
2,3,95,2,FEMALE WC VOID         
2,3,95,3,                       
2,3,95,4,                       
2,3,96,0,PREMIER LOUNGE MALE WC 
2,3,96,1,PREMIER LOUNGE MALE WC 
2,3,96,2,PREMIER LOUNGE MALE WC 
2,3,96,3,                       
2,3,96,4,                       
2,3,97,0,PREMIER LOUNGE FEMALE WC
2,3,97,1,PREMIER LOUNGE FEMALE WC
2,3,97,2,PREMIER LOUNGE FEMALE WC
2,3,97,3,                       
2,3,97,4,                       
2,3,98,0,WC BY CONTROL ROOM     
2,3,98,1,WC BY CONTROL ROOM     
2,3,98,2,WC BY CONTROL ROOM     
2,3,98,3,                       
2,3,98,4,                       
2,3,99,0,2ND FLOOR WC LANDING   
2,3,99,1,2ND FLOOR WC LANDING   
2,3,99,2,2ND FLOOR WC LANDING   
2,3,99,3,                       
2,3,99,4,                       
2,3,100,0,2ND FLOOR WC LANDING   
2,3,100,1,2ND FLOOR WC LANDING   
2,3,100,2,2ND FLOOR WC LANDING   
2,3,100,3,                       
2,3,100,4,                       
2,3,101,0,CORRIDOR BY LIFT 4     
2,3,101,1,DOOR RETAINERS         
2,3,101,2,CORRIDOR BY LIFT 4     
2,3,101,3,CORRIDOR BY LIFT 4     
2,3,101,4,CORRIDOR BY LIFT 4     
2,3,102,0,2ND FLOOR LANDING WC   
2,3,102,1,2ND FLOOR LANDING WC   
2,3,102,2,2ND FLOOR LANDING WC   
2,3,102,3,                       
2,3,102,4,                       
2,3,103,0,DISABLED WC            
2,3,103,1,DISABLED WC            
2,3,103,2,DISABLED WC            
2,3,103,3,                       
2,3,103,4,                       
2,3,104,0,2ND FLOOR LANDING DIS WC
2,3,104,1,2ND FLOOR LANDING DIS WC
2,3,104,2,2ND FLOOR LANDING DIS WC
2,3,104,3,                       
2,3,104,4,                       
2,3,105,0,2ND FLOOR DIS WC       
2,3,105,1,2ND FLOOR DIS WC       
2,3,105,2,2ND FLOOR DIS WC       
2,3,105,3,                       
2,3,105,4,                       
2,3,106,0,DISABLED WC LANDING    
2,3,106,1,DISABLED WC LANDING    
2,3,106,2,DISABLED WC LANDING    
2,3,106,3,                       
2,3,106,4,                       
2,3,107,0,STORE ROOM             
2,3,107,1,STORE ROOM             
2,3,107,2,STORE ROOM             
2,3,107,3,                       
2,3,107,4,                       
2,3,108,0,PREMIER LOUNGE BY BAR  
2,3,108,1,PREMIER LOUNGE BY BAR  
2,3,108,2,                       
2,3,108,3,                       
2,3,108,4,                       
2,3,109,0,WC                     
2,3,109,1,WC                     
2,3,109,2,WC                     
2,3,109,3,                       
2,3,109,4,                       
2,3,110,0,PAVA ROOM              
2,3,110,1,ALERT MESSAGE          
2,3,110,2,PAVA ROOM              
2,3,110,3,PAVA ROOM              
2,3,110,4,PAVA ROOM              
2,3,111,0,PAVA ROOM              
2,3,111,1,EVACUATION MESSAGE     
2,3,111,2,Evac Msg IF            
2,3,111,3,Evac Msg IF            
2,3,111,4,Evac Msg IF            
2,3,112,0,PAVA ROOM              
2,3,112,1,MONITORING STATION IF  
2,3,112,2,PAVA ROOM              
2,3,112,3,PAVA ROOM              
2,3,112,4,PAVA ROOM              
2,3,113,0,PAVA ROOM              
2,3,113,1,PAVA FAULT             
2,3,113,2,PAVA ROOM              
2,3,113,3,PAVA ROOM              
2,3,113,4,PAVA ROOM              
2,3,114,0,EVAC MCP               
2,3,114,1,EVAC MCP               
2,3,114,2,                       
2,3,114,3,                       
2,3,114,4,                       
2,3,115,0,CONTROL ROOM           
2,3,115,1,CONTROL ROOM           
2,3,115,2,CONTROL ROOM           
2,3,115,3,                       
2,3,115,4,                       
2,3,116,0,KITCHEN EXIT BY OFFICE 
2,3,116,1,KITCHEN EXIT BY OFFICE 
2,3,116,2,                       
2,3,116,3,                       
2,3,116,4,                       
2,3,117,0,KITCHEN EXIT TO PREMIER
2,3,117,1,KITCHEN EXIT TO PREMIER
2,3,117,2,                       
2,3,117,3,                       
2,3,117,4,                       
2,3,118,0,KITCHEN VOID BY LIFT   
2,3,118,1,KITCHEN VOID BY LIFT   
2,3,118,2,KITCHEN VOID BY LIFT   
2,3,118,3,                       
2,3,118,4,                       
2,3,119,0,KITCHEN VOID           
2,3,119,1,KITCHEN VOID           
2,3,119,2,KITCHEN VOID           
2,3,119,3,                       
2,3,119,4,                       
2,3,120,0,KITCHEN OFFICE         
2,3,120,1,KITCHEN OFFICE         
2,3,120,2,KITCHEN OFFICE         
2,3,120,3,                       
2,3,120,4,                       
2,3,121,0,KITCHEN                
2,3,121,1,KITCHEN                
2,3,121,2,KITCHEN                
2,3,121,3,                       
2,3,121,4,                       
2,3,122,0,KITCHEN                
2,3,122,1,KITCHEN                
2,3,122,2,KITCHEN                
2,3,122,3,                       
2,3,122,4,                       
2,4,1,0,PLAYERS BAR MALE WC    
2,4,1,1,PLAYERS BAR MALE WC    
2,4,1,2,PLAYERS BAR MALE WC    
2,4,1,3,                       
2,4,1,4,                       
2,4,3,0,LIFT LOBBY BY STAIR 2  
2,4,3,1,LIFT LOBBY BY STAIR 2  
2,4,3,2,                       
2,4,3,3,                       
2,4,3,4,                       
2,4,4,0,PLAYERS BAR MALE WC    
2,4,4,1,PLAYERS BAR MALE WC    
2,4,4,2,PLAYERS BAR MALE WC    
2,4,4,3,                       
2,4,4,4,                       
2,4,5,0,PLAYERS BAR MALE WC VOID
2,4,5,1,PLAYERS BAR MALE WC VOID
2,4,5,2,PLAYERS BAR MALE WC VOID
2,4,5,3,                       
2,4,5,4,                       
2,4,6,0,PLAYERS BAR FEMALE WC  
2,4,6,1,PLAYERS BARE FEMALE WC 
2,4,6,2,PLAYERS BARE FEMALE WC 
2,4,6,3,                       
2,4,6,4,                       
2,4,7,0,FEMALE WC VOID         
2,4,7,1,FEMALE WC VOID         
2,4,7,2,FEMALE WC VOID         
2,4,7,3,                       
2,4,7,4,                       
2,4,9,0,PLAYERS BAR CLOAK ROOM 
2,4,9,1,PLAYERS BAR CLOAK ROOM 
2,4,9,2,PLAYERS BAR CLOAK ROOM 
2,4,9,3,                       
2,4,9,4,                       
2,4,10,0,PLAYERS BAR DIS WC     
2,4,10,1,PLAYERS BAR DIS WC     
2,4,10,2,PLAYERS BAR DIS WC     
2,4,10,3,                       
2,4,10,4,                       
2,4,11,0,PLAYERS BAR BY TOILETS 
2,4,11,1,PLAYERS BAR BY TOILETS 
2,4,11,2,PLAYERS BAR BY TOILETS 
2,4,11,3,                       
2,4,11,4,                       
2,4,12,0,CORR VOID BY CORP BOX 12
2,4,12,1,CORR VOID BY CORP BOX 12
2,4,12,2,CORR VOID BY CORP BOX 12
2,4,12,3,                       
2,4,12,4,                       
2,4,13,0,CORR BY CORP BOX 8     
2,4,13,1,CORR BY CORP BOX 8     
2,4,13,2,CORR BY CORP BOX 8     
2,4,13,3,                       
2,4,13,4,                       
2,4,14,0,CORR VOID BY CORP. BOX 8
2,4,14,1,CORR VOID BY CORP. BOX 8
2,4,14,2,CORR VOID BY CORP. BOX 8
2,4,14,3,                       
2,4,14,4,                       
2,4,15,0,CORR BY CORP. BOX 11   
2,4,15,1,CORR BY CORP. BOX 11   
2,4,15,2,CORR BY CORP. BOX 11   
2,4,15,3,                       
2,4,15,4,                       
2,4,16,0,CORP. BOX 6            
2,4,16,1,CORP. BOX 6            
2,4,16,2,CORP. BOX 6            
2,4,16,3,                       
2,4,16,4,                       
2,4,17,0,CORP. BOX 7            
2,4,17,1,CORP. BOX 7            
2,4,17,2,CORP. BOX 7            
2,4,17,3,                       
2,4,17,4,                       
2,4,18,0,CORP. BOX 8            
2,4,18,1,CORP. BOX 8            
2,4,18,2,CORP. BOX 8            
2,4,18,3,                       
2,4,18,4,                       
2,4,19,0,CORP. BOX 9            
2,4,19,1,CORP. BOX 9            
2,4,19,2,CORP. BOX 9            
2,4,19,3,                       
2,4,19,4,                       
2,4,20,0,CORP. BOX 10           
2,4,20,1,CORP. BOX 10           
2,4,20,2,CORP. BOX 10           
2,4,20,3,                       
2,4,20,4,                       
2,4,21,0,CORP. BOX 23           
2,4,21,1,CORP. BOX 11           
2,4,21,2,CORP. BOX 11           
2,4,21,3,                       
2,4,21,4,                       
2,4,22,0,CORP. BOX 12           
2,4,22,1,CORP. BOX 12           
2,4,22,2,CORP. BOX 12           
2,4,22,3,                       
2,4,22,4,                       
2,4,23,0,PLAYERS BAR            
2,4,23,1,UNKNOWN                
2,4,23,2,PLAYERS BAR            
2,4,23,3,PLAYERS BAR            
2,4,23,4,PLAYERS BAR            
2,4,24,0,PLAYERS BAR            
2,4,24,1,PLAYERS BAR            
2,4,24,2,PLAYERS BAR            
2,4,24,3,                       
2,4,24,4,                       
2,4,25,0,PLAYERS BAR            
2,4,25,1,NOT IN USE             
2,4,25,2,PLAYERS BAR            
2,4,25,3,PLAYERS BAR            
2,4,25,4,PLAYERS BAR            
2,4,26,0,PLAYERS BAR            
2,4,26,1,PLAYERS BAR            
2,4,26,2,PLAYERS BAR            
2,4,26,3,                       
2,4,26,4,                       
2,4,27,0,PANTRY                 
2,4,27,1,UNKNOWN                
2,4,27,2,PANTRY                 
2,4,27,3,PANTRY                 
2,4,27,4,PANTRY                 
2,4,28,0,CORRIDOR BY PANTRY     
2,4,28,1,CORRIDOR BY PANTRY     
2,4,28,2,CORRIDOR BY PANTRY     
2,4,28,3,                       
2,4,28,4,                       
2,4,29,0,CORRIDOR BY STAIRS 1   
2,4,29,1,CORRIDOR BY STAIRS 1   
2,4,29,2,                       
2,4,29,3,                       
2,4,29,4,                       
2,4,30,0,2ND FLOOR LANDING      
2,4,30,1,DOOR RETAINERS         
2,4,30,2,2ND FLOOR LANDING      
2,4,30,3,2ND FLOOR LANDING      
2,4,30,4,2ND FLOOR LANDING      
2,4,32,0,MALE/FEMALE WC         
2,4,32,1,MALE/FEMALE WC         
2,4,32,2,MALE/FEMALE WC         
2,4,32,3,                       
2,4,32,4,                       
2,4,33,0,DISABLED WC BY STAIR 2 
2,4,33,1,DISABLED WC BY STAIR 2 
2,4,33,2,DISABLED WC BY STAIR 2 
2,4,33,3,                       
2,4,33,4,                       
2,4,34,0,2ND FLOOR LANDING      
2,4,34,1,2ND FLOOR LANDING      
2,4,34,2,2ND FLOOR LANDING      
2,4,34,3,                       
2,4,34,4,                       
2,4,35,0,LIFT SHAFT 1           
2,4,35,1,LIFT SHAFT 1           
2,4,35,2,LIFT SHAFT 1           
2,4,35,3,                       
2,4,35,4,                       
2,4,36,0,CORRIDOR BY LIFT 1     
2,4,36,1,CORRIDOR BY LIFT 1     
2,4,36,2,CORRIDOR BY LIFT 1     
2,4,36,3,                       
2,4,36,4,                       
2,4,37,0,PLAYERS BAR            
2,4,37,1,PLAYERS BAR            
2,4,37,2,PLAYERS BAR            
2,4,37,3,                       
2,4,37,4,                       
2,4,38,0,PLAYERS BAR VOID       
2,4,38,1,PLAYERS BAR VOID       
2,4,38,2,PLAYERS BAR VOID       
2,4,38,3,                       
2,4,38,4,                       
2,4,39,0,PLAYERS BAR            
2,4,39,1,PLAYERS BAR            
2,4,39,2,PLAYERS BAR            
2,4,39,3,                       
2,4,39,4,                       
2,4,40,0,PLAYERS BAR VOID       
2,4,40,1,PLAYERS BAR VOID       
2,4,40,2,PLAYERS BAR VOID       
2,4,40,3,                       
2,4,40,4,                       
2,4,41,0,PLAYERS BAR BY CLOAK RM
2,4,41,1,PLAYERS BAR BY CLOAK RM
2,4,41,2,PLAYERS BAR BY CLOAK RM
2,4,41,3,                       
2,4,41,4,                       
2,4,42,0,PLAYER BAR BY CLOAK VOID
2,4,42,1,PLAYER BAR BY CLOAK VOID
2,4,42,2,PLAYER BAR BY CLOAK VOID
2,4,42,3,                       
2,4,42,4,                       
2,4,43,0,PLAYERS BAR ENT VOID   
2,4,43,1,PLAYERS BAR ENT VOID   
2,4,43,2,PLAYERS BAR ENT VOID   
2,4,43,3,                       
2,4,43,4,                       
2,4,44,0,PLAYER BAR BY TOILETS  
2,4,44,1,PLAYER BAR BY TOILETS  
2,4,44,2,PLAYER BAR BY TOILETS  
2,4,44,3,                       
2,4,44,4,                       
2,4,46,0,LIFT LOBBY BY STAIR 2  
2,4,46,1,LIFT LOBBY BY STAIR 2  
2,4,46,2,LIFT LOBBY BY STAIR 2  
2,4,46,3,                       
2,4,46,4,                       
2,4,47,0,2ND FLOOR LOBBY VOID   
2,4,47,1,2ND FLOOR LOBBY VOID   
2,4,47,2,2ND FLOOR LOBBY VOID   
2,4,47,3,                       
2,4,47,4,                       
2,4,48,0,LIFT LOBBY             
2,4,48,1,LIFT LOBBY             
2,4,48,2,LIFT LOBBY             
2,4,48,3,                       
2,4,48,4,                       
2,4,49,0,LIFT 2                 
2,4,49,1,LIFT                   
2,4,49,2,LIFT 2                 
2,4,49,3,LIFT 2                 
2,4,49,4,LIFT 2                 
2,4,50,0,LIFT 3                 
2,4,50,1,LIFT                   
2,4,50,2,LIFT 3                 
2,4,50,3,LIFT 3                 
2,4,50,4,LIFT 3                 
2,4,51,0,MALE WC BY CORP. BOX 6 
2,4,51,1,MALE WC BY CORP. BOX 6 
2,4,51,2,MALE WC BY CORP. BOX 6 
2,4,51,3,                       
2,4,51,4,                       
2,4,52,0,MALE WC VOID BY BOX 6  
2,4,52,1,MALE WC VOID BY BOX 6  
2,4,52,2,MALE WC VOID BY BOX 6  
2,4,52,3,                       
2,4,52,4,                       
2,4,53,0,DIS WC BY CORP. BOX 6/7
2,4,53,1,DIS WC BY CORP. BOX 6/7
2,4,53,2,DIS WC BY CORP. BOX 6/7
2,4,53,3,                       
2,4,53,4,                       
2,4,54,0,LIFT SHAFT 3           
2,4,54,1,LIFT SHAFT 3           
2,4,54,2,LIFT SHAFT 3           
2,4,54,3,                       
2,4,54,4,                       
2,4,55,0,LIFT SHAFT 2           
2,4,55,1,LIFT SHAFT 2           
2,4,55,2,LIFT SHAFT 2           
2,4,55,3,                       
2,4,55,4,                       
2,4,56,0,PLAYERS BAR VOID       
2,4,56,1,PLAYERS BAR VOID       
2,4,56,2,PLAYERS BAR VOID       
2,4,56,3,                       
2,4,56,4,                       
2,4,57,0,PLAYERS BAR VOID       
2,4,57,1,PLAYERS BAR VOID       
2,4,57,2,PLAYERS BAR VOID       
2,4,57,3,                       
2,4,57,4,                       
2,4,58,0,CORP. BOX STORE        
2,4,58,1,CORP. BOX STORE        
2,4,58,2,CORP. BOX STORE        
2,4,58,3,                       
2,4,58,4,                       
2,4,59,0,PLAYERS BAR DIS WC VOID
2,4,59,1,PLAYERS BAR DIS WC VOID
2,4,59,2,PLAYERS BAR DIS WC VOID
2,4,59,3,                       
2,4,59,4,                       
2,4,60,0,PANTRY BY LIFT 1       
2,4,60,1,LIFT                   
2,4,60,2,PANTRY BY LIFT 1       
2,4,60,3,PANTRY BY LIFT 1       
2,4,60,4,PANTRY BY LIFT 1       
2,4,61,0,PLAYER BAR ENTRANCE VOID
2,4,61,1,PLAYER BAR ENTRANCE VOID
2,4,61,2,PLAYER BAR ENTRANCE VOID
2,4,61,3,                       
2,4,61,4,                       
2,4,62,0,PLAYER BAR MALE WC VOID
2,4,62,1,PLAYER BAR MALE WC VOID
2,4,62,2,PLAYER BAR MALE WC VOID
2,4,62,3,                       
2,4,62,4,                       
2,4,63,0,2ND FLOOR STAIR 2      
2,4,63,1,2ND FLOOR STAIR 2      
2,4,63,2,2ND FLOOR STAIR 2      
2,4,63,3,                       
2,4,63,4,                       
2,4,64,0,2ND FLOOR STAIR 2 VOID 
2,4,64,1,2ND FLOOR STAIR 2 VOID 
2,4,64,2,2ND FLOOR STAIR 2 VOID 
2,4,64,3,                       
2,4,64,4,                       
2,4,65,0,DIS WC VOID CORP. BOX 7
2,4,65,1,DIS WC VOID CORP. BOX 7
2,4,65,2,DIS WC VOID CORP. BOX 7
2,4,65,3,                       
2,4,65,4,                       
2,4,66,0,MALE WC VOID BY BOX 6  
2,4,66,1,MALE WC VOID BY BOX 6  
2,4,66,2,MALE WC VOID BY BOX 6  
2,4,66,3,                       
2,4,66,4,                       
2,4,67,0,CORP. BOX 6 VOID       
2,4,67,1,CORP. BOX 6 VOID       
2,4,67,2,CORP. BOX 6 VOID       
2,4,67,3,                       
2,4,67,4,                       
2,4,68,0,CORP. BOX 7 VOID       
2,4,68,1,CORP. BOX 7 VOID       
2,4,68,2,CORP. BOX 7 VOID       
2,4,68,3,                       
2,4,68,4,                       
2,4,69,0,CORP. BOX 8 VOID       
2,4,69,1,CORP. BOX 8 VOID       
2,4,69,2,CORP. BOX 8 VOID       
2,4,69,3,                       
2,4,69,4,                       
2,4,70,0,CORP. BOX 9 VOID       
2,4,70,1,CORP. BOX 9 VOID       
2,4,70,2,CORP. BOX 9 VOID       
2,4,70,3,                       
2,4,70,4,                       
2,4,71,0,CORP. BOX 10 VOID      
2,4,71,1,CORP. BOX 10 VOID      
2,4,71,2,CORP. BOX 10 VOID      
2,4,71,3,                       
2,4,71,4,                       
2,4,72,0,CORP. BOX 11 VOID      
2,4,72,1,CORP. BOX 11 VOID      
2,4,72,2,CORP. BOX 11 VOID      
2,4,72,3,                       
2,4,72,4,                       
2,4,73,0,CORP. BOX 12 VOID      
2,4,73,1,CORP. BOX 12 VOID      
2,4,73,2,CORP. BOX 12 VOID      
2,4,73,3,                       
2,4,73,4,                       
2,4,74,0,MALE WC CORP. BOX CORR 
2,4,74,1,MALE WC CORP. BOX CORR 
2,4,74,2,MALE WC CORP. BOX CORR 
2,4,74,3,                       
2,4,74,4,                       
2,4,75,0,DIS WC CORP. BOX CORR  
2,4,75,1,DIS WC CORP. BOX CORR  
2,4,75,2,DIS WC CORP. BOX CORR  
2,4,75,3,                       
2,4,75,4,                       
2,4,76,0,PLAYERS BARE FEMALE WC 
2,4,76,1,PLAYERS BARE FEMALE WC 
2,4,76,2,PLAYERS BARE FEMALE WC 
2,4,76,3,                       
2,4,76,4,                       
2,4,77,0,PLAYERS BAR DISABLED WC
2,4,77,1,PLAYERS BAR DISABLED WC
2,4,77,2,PLAYERS BAR DISABLED WC
2,4,77,3,                       
2,4,77,4,                       
2,4,78,0,DIS WC BY STAIR1       
2,4,78,1,DIS WC BY STAIR1       
2,4,78,2,DIS WC BY STAIR1       
2,4,78,3,                       
2,4,78,4,                       
2,4,79,0,MALE/FEMALE WC         
2,4,79,1,MALE/FEMALE WC         
2,4,79,2,MALE/FEMALE WC         
2,4,79,3,                       
2,4,79,4,                       
2,4,80,0,PLAYERS BAR BY BAR     
2,4,80,1,PLAYERS BAR BY BAR     
2,4,80,2,                       
2,4,80,3,                       
2,4,80,4,                       
2,4,81,0,PANTRY                 
2,4,81,1,PANTRY                 
2,4,81,2,PANTRY                 
2,4,81,3,                       
2,4,81,4,                       
2,4,82,0,PANTRY                 
2,4,82,1,PANTRY                 
2,4,82,2,PANTRY                 
2,4,82,3,                       
2,4,82,4,                       
2,4,83,0,PANTRY BY LIFT         
2,4,83,1,PANTRY BY LIFT         
2,4,83,2,PANTRY BY LIFT         
2,4,83,3,                       
2,4,83,4,                       
2,4,84,0,PANTRY BY LIFT         
2,4,84,1,PANTRY BY LIFT         
2,4,84,2,PANTRY BY LIFT         
2,4,84,3,                       
2,4,84,4,                       
2,END,1,51969
150,BEGIN,1
150,1,0,"Stadium C&E All Modes","C & E Block"
150,2,1,"Mode Change","Input Group",2,110
150,3,2,"Activated","Input Group State",2
150,4,3,"Mode Change","Action",13
150,5,4,"Non Match Day","Output Object",6,1
150,6,2,"Normal","Input Group State",0
150,7,3,"Mode Change","Action",13
150,8,4,"Match Day","Output Object",6,0
150,9,1,"Weekly Test","Input Group",2,112
150,10,2,"Activated","Input Group State",2
150,11,3,"Disable OP Grp","Action",17
150,12,4,"Weekly Test","Output Object",5,9
150,13,2,"Normal","Input Group State",0
150,14,3,"Enable OP Grp","Action",18
150,15,4,"Weekly Test","Output Object",5,9
150,16,0,"Stadium C&E Match Day","C & E Block"
150,17,1,"Match Day","Mode Set",0
150,18,2,"EVAC MCP","Input Group",2,15
150,19,3,"Activated","Input Group State",2
150,20,4,"2nd Stage Match","Output Object",5,4
150,21,5,"ON","Action",1
150,22,4,"SOUTH DOOR HOLD","Output Object",4,8
150,23,5,"ON","Action",1
150,24,4,"DIS WC BEACONS","Output Object",4,4
150,25,5,"ON","Action",1
150,26,2,"CONCOURSE MCPs","Input Group",2,34
150,27,3,"1st Stage","Input Group State",1
150,28,4,"1st Stage Match","Output Object",5,2
150,29,5,"ON","Action",1
150,30,3,"Activated","Input Group State",2
150,31,4,"1st Stage MCPs","Output Object",5,6
150,32,5,"ON","Action",1
150,33,2,"W N E DETECTORS","Input Group",3,1
150,34,3,"1st Stage","Input Group State",1
150,35,4,"1st Stage Match","Output Object",5,2
150,36,5,"ON","Action",1
150,37,3,"Activated","Input Group State",2
150,38,4,"2nd Stage Match","Output Object",5,4
150,39,5,"ON","Action",1
150,40,2,"W N E MCPS","Input Group",3,2
150,41,3,"1st Stage","Input Group State",1
150,42,4,"1st Stage Match","Output Object",5,2
150,43,5,"ON","Action",1
150,44,3,"Activated","Input Group State",2
150,45,4,"1st Stage MCPs","Output Object",5,6
150,46,5,"ON","Action",1
150,47,2,"S DETECTORS","Input Group",2,3
150,48,3,"1st Stage","Input Group State",1
150,49,4,"1st Stage Match","Output Object",5,2
150,50,5,"ON","Action",1
150,51,4,"RECP DOOR RELEAS","Output Object",4,1
150,52,5,"ON","Action",1
150,53,4,"SOUTH DOOR HOLD","Output Object",4,8
150,54,5,"ON","Action",1
150,55,3,"Activated","Input Group State",2
150,56,4,"2nd Stage Match","Output Object",5,4
150,57,5,"ON","Action",1
150,58,4,"SOUTH DOOR HOLD","Output Object",4,8
150,59,5,"ON","Action",1
150,60,2,"S MCP","Input Group",2,4
150,61,3,"1st Stage","Input Group State",1
150,62,4,"1st Stage Match","Output Object",5,2
150,63,5,"ON","Action",1
150,64,4,"RECP DOOR RELEAS","Output Object",4,1
150,65,5,"ON","Action",1
150,66,4,"SOUTH DOOR HOLD","Output Object",4,8
150,67,5,"ON","Action",1
150,68,3,"Activated","Input Group State",2
150,69,4,"1st Stage MCPs","Output Object",5,6
150,70,5,"ON","Action",1
150,71,4,"SOUTH DOOR HOLD","Output Object",4,8
150,72,5,"ON","Action",1
150,73,2,"RECP. DETECTORS","Input Group",2,13
150,74,3,"1st Stage","Input Group State",1
150,75,4,"1st Stage Match","Output Object",5,2
150,76,5,"ON","Action",1
150,77,4,"RECP DOOR RELEAS","Output Object",4,1
150,78,5,"ON","Action",1
150,79,4,"SOUTH DOOR HOLD","Output Object",4,8
150,80,5,"ON","Action",1
150,81,3,"Activated","Input Group State",2
150,82,4,"2nd Stage Match","Output Object",5,4
150,83,5,"ON","Action",1
150,84,4,"RECP DOOR LOCK","Output Object",4,2
150,85,5,"ON","Action",1
150,86,4,"SOUTH DOOR HOLD","Output Object",4,8
150,87,5,"ON","Action",1
150,88,2,"RECP. MCP","Input Group",2,14
150,89,3,"1st Stage","Input Group State",1
150,90,4,"1st Stage Match","Output Object",5,2
150,91,5,"ON","Action",1
150,92,4,"RECP DOOR RELEAS","Output Object",4,1
150,93,5,"ON","Action",1
150,94,4,"SOUTH DOOR HOLD","Output Object",4,8
150,95,5,"ON","Action",1
150,96,3,"Activated","Input Group State",2
150,97,4,"1st Stage MCPs","Output Object",5,6
150,98,5,"ON","Action",1
150,99,4,"RECP DOOR LOCK","Output Object",4,2
150,100,5,"ON","Action",1
150,101,4,"SOUTH DOOR HOLD","Output Object",4,8
150,102,5,"ON","Action",1
150,103,2,"KIOSK 2","Input Group",3,4
150,104,3,"1st Stage","Input Group State",1
150,105,4,"1st Stage Match","Output Object",5,2
150,106,5,"ON","Action",1
150,107,4,"KIOSK 2 RS","Output Object",4,5
150,108,5,"ON","Action",1
150,109,3,"Activated","Input Group State",2
150,110,4,"2nd Stage Match","Output Object",5,4
150,111,5,"ON","Action",1
150,112,4,"KIOSK 2 RS","Output Object",4,5
150,113,5,"ON","Action",1
150,114,2,"KIOSK 6","Input Group",3,7
150,115,3,"1st Stage","Input Group State",1
150,116,4,"1st Stage Match","Output Object",5,2
150,117,5,"ON","Action",1
150,118,4,"KIOSK 6 RS","Output Object",4,13
150,119,5,"ON","Action",1
150,120,3,"Activated","Input Group State",2
150,121,4,"2nd Stage Match","Output Object",5,4
150,122,5,"ON","Action",1
150,123,4,"KIOSK 6 RS","Output Object",4,13
150,124,5,"ON","Action",1
150,125,2,"KIOSK 7","Input Group",3,8
150,126,3,"1st Stage","Input Group State",1
150,127,4,"1st Stage Match","Output Object",5,2
150,128,5,"ON","Action",1
150,129,4,"KIOSK 7 RS","Output Object",4,14
150,130,5,"ON","Action",1
150,131,3,"Activated","Input Group State",2
150,132,4,"2nd Stage Match","Output Object",5,4
150,133,5,"ON","Action",1
150,134,4,"KIOSK 7 RS","Output Object",4,14
150,135,5,"ON","Action",1
150,136,2,"KIOSK 5","Input Group",3,6
150,137,3,"1st Stage","Input Group State",1
150,138,4,"1st Stage Match","Output Object",5,2
150,139,5,"ON","Action",1
150,140,4,"KIOSK 5 RS","Output Object",4,12
150,141,5,"ON","Action",1
150,142,3,"Activated","Input Group State",2
150,143,4,"2nd Stage Match","Output Object",5,4
150,144,5,"ON","Action",1
150,145,4,"KIOSK 5 RS","Output Object",4,12
150,146,5,"ON","Action",1
150,147,2,"KIOSK 8","Input Group",3,9
150,148,3,"1st Stage","Input Group State",1
150,149,4,"1st Stage Match","Output Object",5,2
150,150,5,"ON","Action",1
150,151,4,"KIOSK 8 RS","Output Object",4,15
150,152,5,"ON","Action",1
150,153,3,"Activated","Input Group State",2
150,154,4,"2nd Stage Match","Output Object",5,4
150,155,5,"ON","Action",1
150,156,4,"KIOSK 8 RS","Output Object",4,15
150,157,5,"ON","Action",1
150,158,2,"KIOSK 1","Input Group",3,10
150,159,3,"1st Stage","Input Group State",1
150,160,4,"1st Stage Match","Output Object",5,2
150,161,5,"ON","Action",1
150,162,4,"KIOSK 1 RS","Output Object",4,16
150,163,5,"ON","Action",1
150,164,3,"Activated","Input Group State",2
150,165,4,"2nd Stage Match","Output Object",5,4
150,166,5,"ON","Action",1
150,167,4,"KIOSK 1 RS","Output Object",4,16
150,168,5,"ON","Action",1
150,169,2,"KIOSK 9","Input Group",3,11
150,170,3,"1st Stage","Input Group State",1
150,171,4,"1st Stage Match","Output Object",5,2
150,172,5,"ON","Action",1
150,173,4,"KIOSK 9 RS","Output Object",4,17
150,174,5,"ON","Action",1
150,175,3,"Activated","Input Group State",2
150,176,4,"2nd Stage Match","Output Object",5,4
150,177,5,"ON","Action",1
150,178,4,"KIOSK 9 RS","Output Object",4,17
150,179,5,"ON","Action",1
150,180,2,"KIOSK 4","Input Group",3,3
150,181,3,"1st Stage","Input Group State",1
150,182,4,"1st Stage Match","Output Object",5,2
150,183,5,"ON","Action",1
150,184,4,"KIOSK 4 RS","Output Object",4,11
150,185,5,"ON","Action",1
150,186,3,"Activated","Input Group State",2
150,187,4,"2nd Stage Match","Output Object",5,4
150,188,5,"ON","Action",1
150,189,4,"KIOSK 4 RS","Output Object",4,11
150,190,5,"ON","Action",1
150,191,2,"KIOSK 3","Input Group",3,5
150,192,3,"1st Stage","Input Group State",1
150,193,4,"1st Stage Match","Output Object",5,2
150,194,5,"ON","Action",1
150,195,4,"KIOSK 3 RS","Output Object",4,6
150,196,5,"ON","Action",1
150,197,3,"Activated","Input Group State",2
150,198,4,"2nd Stage Match","Output Object",5,4
150,199,5,"ON","Action",1
150,200,4,"KIOSK 3 RS","Output Object",4,6
150,201,5,"ON","Action",1
150,202,2,"KIOSK 10","Input Group",3,12
150,203,3,"1st Stage","Input Group State",1
150,204,4,"1st Stage Match","Output Object",5,2
150,205,5,"ON","Action",1
150,206,4,"KIOSK 10 RS","Output Object",4,27
150,207,5,"ON","Action",1
150,208,3,"Activated","Input Group State",2
150,209,4,"2nd Stage Match","Output Object",5,4
150,210,5,"ON","Action",1
150,211,4,"KIOSK 10 RS","Output Object",4,27
150,212,5,"ON","Action",1
150,213,2,"KIOSK 11","Input Group",3,13
150,214,3,"1st Stage","Input Group State",1
150,215,4,"1st Stage Match","Output Object",5,2
150,216,5,"ON","Action",1
150,217,4,"KIOSK 11 RS","Output Object",4,28
150,218,5,"ON","Action",1
150,219,3,"Activated","Input Group State",2
150,220,4,"2nd Stage Match","Output Object",5,4
150,221,5,"ON","Action",1
150,222,4,"KIOSK 11 RS","Output Object",4,28
150,223,5,"ON","Action",1
150,224,0,"Stadium C&E Non Match Day","C & E Block"
150,225,1,"Non Match Day","Mode Set",1
150,226,2,"EVAC MCP","Input Group",2,15
150,227,3,"Activated","Input Group State",2
150,228,4,"2nd Stage Non-Ma","Output Object",5,5
150,229,5,"ON","Action",1
150,230,2,"CONCOURSE MCPs","Input Group",2,34
150,231,3,"Activated","Input Group State",2
150,232,4,"2nd Stage Non-Ma","Output Object",5,5
150,233,5,"ON","Action",1
150,234,4,"DIS WC BEACONS","Output Object",4,4
150,235,5,"ON","Action",1
150,236,3,"1st Stage","Input Group State",1
150,237,4,"1st Stage Non-Ma","Output Object",5,3
150,238,5,"ON","Action",1
150,239,2,"W N E DETECTORS","Input Group",3,1
150,240,3,"1st Stage","Input Group State",1
150,241,4,"1st Stage Non-Ma","Output Object",5,3
150,242,5,"ON","Action",1
150,243,3,"Activated","Input Group State",2
150,244,4,"2nd Stage Non-Ma","Output Object",5,5
150,245,5,"ON","Action",1
150,246,2,"W N E MCPS","Input Group",3,2
150,247,3,"1st Stage","Input Group State",1
150,248,4,"1st Stage Non-Ma","Output Object",5,3
150,249,5,"ON","Action",1
150,250,3,"Activated","Input Group State",2
150,251,4,"2nd Stage Non-Ma","Output Object",5,5
150,252,5,"ON","Action",1
150,253,2,"S DETECTORS","Input Group",2,3
150,254,3,"1st Stage","Input Group State",1
150,255,4,"1st Stage Non-Ma","Output Object",5,3
150,256,5,"ON","Action",1
150,257,4,"RECP DOOR RELEAS","Output Object",4,1
150,258,5,"ON","Action",1
150,259,4,"SOUTH DOOR HOLD","Output Object",4,8
150,260,5,"ON","Action",1
150,261,3,"Activated","Input Group State",2
150,262,4,"2nd Stage Non-Ma","Output Object",5,5
150,263,5,"ON","Action",1
150,264,4,"SOUTH DOOR HOLD","Output Object",4,8
150,265,5,"ON","Action",1
150,266,2,"S MCP","Input Group",2,4
150,267,3,"1st Stage","Input Group State",1
150,268,4,"1st Stage Non-Ma","Output Object",5,3
150,269,5,"ON","Action",1
150,270,4,"RECP DOOR RELEAS","Output Object",4,1
150,271,5,"ON","Action",1
150,272,4,"SOUTH DOOR HOLD","Output Object",4,8
150,273,5,"ON","Action",1
150,274,3,"Activated","Input Group State",2
150,275,4,"2nd Stage Non-Ma","Output Object",5,5
150,276,5,"ON","Action",1
150,277,4,"SOUTH DOOR HOLD","Output Object",4,8
150,278,5,"ON","Action",1
150,279,2,"RECP. DETECTORS","Input Group",2,13
150,280,3,"1st Stage","Input Group State",1
150,281,4,"1st Stage Non-Ma","Output Object",5,3
150,282,5,"ON","Action",1
150,283,4,"RECP DOOR RELEAS","Output Object",4,1
150,284,5,"ON","Action",1
150,285,4,"SOUTH DOOR HOLD","Output Object",4,8
150,286,5,"ON","Action",1
150,287,3,"Activated","Input Group State",2
150,288,4,"2nd Stage Non-Ma","Output Object",5,5
150,289,5,"ON","Action",1
150,290,4,"RECP DOOR LOCK","Output Object",4,2
150,291,5,"ON","Action",1
150,292,4,"SOUTH DOOR HOLD","Output Object",4,8
150,293,5,"ON","Action",1
150,294,2,"RECP. MCP","Input Group",2,14
150,295,3,"1st Stage","Input Group State",1
150,296,4,"1st Stage Non-Ma","Output Object",5,3
150,297,5,"ON","Action",1
150,298,4,"RECP DOOR RELEAS","Output Object",4,1
150,299,5,"ON","Action",1
150,300,4,"SOUTH DOOR HOLD","Output Object",4,8
150,301,5,"ON","Action",1
150,302,3,"Activated","Input Group State",2
150,303,4,"2nd Stage Non-Ma","Output Object",5,5
150,304,5,"ON","Action",1
150,305,4,"SOUTH DOOR HOLD","Output Object",4,8
150,306,5,"ON","Action",1
150,307,4,"RECP DOOR LOCK","Output Object",4,2
150,308,5,"ON","Action",1
150,309,2,"KIOSK 2","Input Group",3,4
150,310,3,"1st Stage","Input Group State",1
150,311,4,"1st Stage Non-Ma","Output Object",5,3
150,312,5,"ON","Action",1
150,313,4,"KIOSK 2 RS","Output Object",4,5
150,314,5,"ON","Action",1
150,315,3,"Activated","Input Group State",2
150,316,4,"2nd Stage Non-Ma","Output Object",5,5
150,317,5,"ON","Action",1
150,318,4,"KIOSK 2 RS","Output Object",4,5
150,319,5,"ON","Action",1
150,320,2,"KIOSK 6","Input Group",3,7
150,321,3,"1st Stage","Input Group State",1
150,322,4,"1st Stage Non-Ma","Output Object",5,3
150,323,5,"ON","Action",1
150,324,4,"KIOSK 6 RS","Output Object",4,13
150,325,5,"ON","Action",1
150,326,3,"Activated","Input Group State",2
150,327,4,"2nd Stage Non-Ma","Output Object",5,5
150,328,5,"ON","Action",1
150,329,4,"KIOSK 6 RS","Output Object",4,13
150,330,5,"ON","Action",1
150,331,2,"KIOSK 7","Input Group",3,8
150,332,3,"1st Stage","Input Group State",1
150,333,4,"1st Stage Non-Ma","Output Object",5,3
150,334,5,"ON","Action",1
150,335,4,"KIOSK 7 RS","Output Object",4,14
150,336,5,"ON","Action",1
150,337,3,"Activated","Input Group State",2
150,338,4,"2nd Stage Non-Ma","Output Object",5,5
150,339,5,"ON","Action",1
150,340,4,"KIOSK 7 RS","Output Object",4,14
150,341,5,"ON","Action",1
150,342,2,"KIOSK 5","Input Group",3,6
150,343,3,"1st Stage","Input Group State",1
150,344,4,"1st Stage Non-Ma","Output Object",5,3
150,345,5,"ON","Action",1
150,346,4,"KIOSK 5 RS","Output Object",4,12
150,347,5,"ON","Action",1
150,348,3,"Activated","Input Group State",2
150,349,4,"2nd Stage Non-Ma","Output Object",5,5
150,350,5,"ON","Action",1
150,351,4,"KIOSK 5 RS","Output Object",4,12
150,352,5,"ON","Action",1
150,353,2,"KIOSK 8","Input Group",3,9
150,354,3,"1st Stage","Input Group State",1
150,355,4,"1st Stage Non-Ma","Output Object",5,3
150,356,5,"ON","Action",1
150,357,4,"KIOSK 8 RS","Output Object",4,15
150,358,5,"ON","Action",1
150,359,3,"Activated","Input Group State",2
150,360,4,"2nd Stage Non-Ma","Output Object",5,5
150,361,5,"ON","Action",1
150,362,4,"KIOSK 8 RS","Output Object",4,15
150,363,5,"ON","Action",1
150,364,2,"KIOSK 1","Input Group",3,10
150,365,3,"1st Stage","Input Group State",1
150,366,4,"1st Stage Non-Ma","Output Object",5,3
150,367,5,"ON","Action",1
150,368,4,"KIOSK 1 RS","Output Object",4,16
150,369,5,"ON","Action",1
150,370,3,"Activated","Input Group State",2
150,371,4,"2nd Stage Non-Ma","Output Object",5,5
150,372,5,"ON","Action",1
150,373,4,"KIOSK 1 RS","Output Object",4,16
150,374,5,"ON","Action",1
150,375,2,"KIOSK 9","Input Group",3,11
150,376,3,"1st Stage","Input Group State",1
150,377,4,"1st Stage Non-Ma","Output Object",5,3
150,378,5,"ON","Action",1
150,379,4,"KIOSK 9 RS","Output Object",4,17
150,380,5,"ON","Action",1
150,381,3,"Activated","Input Group State",2
150,382,4,"2nd Stage Non-Ma","Output Object",5,5
150,383,5,"ON","Action",1
150,384,4,"KIOSK 9 RS","Output Object",4,17
150,385,5,"ON","Action",1
150,386,2,"KIOSK 4","Input Group",3,3
150,387,3,"1st Stage","Input Group State",1
150,388,4,"1st Stage Non-Ma","Output Object",5,3
150,389,5,"ON","Action",1
150,390,4,"KIOSK 4 RS","Output Object",4,11
150,391,5,"ON","Action",1
150,392,3,"Activated","Input Group State",2
150,393,4,"2nd Stage Non-Ma","Output Object",5,5
150,394,5,"ON","Action",1
150,395,4,"KIOSK 4 RS","Output Object",4,11
150,396,5,"ON","Action",1
150,397,2,"KIOSK 3","Input Group",3,5
150,398,3,"1st Stage","Input Group State",1
150,399,4,"1st Stage Non-Ma","Output Object",5,3
150,400,5,"ON","Action",1
150,401,4,"KIOSK 3 RS","Output Object",4,6
150,402,5,"ON","Action",1
150,403,3,"Activated","Input Group State",2
150,404,4,"2nd Stage Non-Ma","Output Object",5,5
150,405,5,"ON","Action",1
150,406,4,"KIOSK 3 RS","Output Object",4,6
150,407,5,"ON","Action",1
150,408,2,"KIOSK 10","Input Group",3,12
150,409,3,"1st Stage","Input Group State",1
150,410,4,"1st Stage Non-Ma","Output Object",5,3
150,411,5,"ON","Action",1
150,412,4,"KIOSK 10 RS","Output Object",4,27
150,413,5,"ON","Action",1
150,414,3,"Activated","Input Group State",2
150,415,4,"2nd Stage Non-Ma","Output Object",5,5
150,416,5,"ON","Action",1
150,417,4,"KIOSK 10 RS","Output Object",4,27
150,418,5,"ON","Action",1
150,419,2,"KIOSK 11","Input Group",3,13
150,420,3,"1st Stage","Input Group State",1
150,421,4,"1st Stage Non-Ma","Output Object",5,3
150,422,5,"ON","Action",1
150,423,4,"KIOSK 11 RS","Output Object",4,28
150,424,5,"ON","Action",1
150,425,3,"Activated","Input Group State",2
150,426,4,"2nd Stage Non-Ma","Output Object",5,5
150,427,5,"ON","Action",1
150,428,4,"KIOSK 11 RS","Output Object",4,28
150,429,5,"ON","Action",1
150,430,0,"Voice test","C & E Block"
150,431,1,"Voice test","Input Group",2,35
150,432,2,"Activated","Input Group State",2
150,433,3,"Frp Alert","Action",11
150,434,4,"KIOSK 8 RS","Output Object",4,15
150,435,0,"Isolate Plant GF","C & E Block"
150,436,1,"Isol Plant GF","Input Group",2,36
150,437,2,"On","Input Group State",2
150,438,3,"Disable Output","Action",8
150,439,4,"PLANT GF","Output Object",4,106
150,440,2,"Off","Input Group State",0
150,441,3,"Enable Output","Action",5
150,442,4,"PLANT GF","Output Object",4,106
150,443,0,"Type B+ Dep test","C & E Block"
150,444,1,"Type B Dep Test","Input Group",2,37
150,445,2,"1st Stage","Input Group State",1
150,446,3,"ON","Action",1
150,447,4,"Type B Dep Test","Output Object",4,30
150,448,2,"Activated","Input Group State",2
150,449,3,"ON","Action",1
150,450,4,"2nd Stage Non-Ma","Output Object",5,5
150,451,0,"Mon I/P 1 test","C & E Block"
150,452,1,"Mon I/P 1 test","Input Group",2,38
150,453,2,"On","Input Group State",2
150,454,3,"ON","Action",1
150,455,4,"Mon I/P 1 test","Output Object",4,31
150,456,2,"Off","Input Group State",0
150,457,3,"RESET","Action",0
150,458,4,"Mon I/P 1 test","Output Object",4,31
150,459,0,"Mon I/P 2 test","C & E Block"
150,460,1,"Mon I/P 2 test","Input Group",2,39
150,461,2,"On","Input Group State",2
150,462,3,"ON","Action",1
150,463,4,"Mon I/P 2 test","Output Object",4,32
150,464,2,"Off","Input Group State",0
150,465,3,"RESET","Action",0
150,466,4,"Mon I/P 2 test","Output Object",4,32
150,END,1,39234
300,BEGIN,1
300,1,"\images\logo.gif"
300,2,0,48,71,73,70,56,57,97,76,0,108,0,179,0,0,0,255,0,255,255,255,32,32,64,96,32,64,224,32,64,160,32,64,96,96,64,160,128,128,255,251,240,64,64,64,192,192,192,128,128,
300,2,48,48,128,160,160,164,255,255,255,255,255,255,255,255,255,33,249,4,1,0,0,0,0,44,0,0,0,0,76,0,108,0,0,4,255,16,200,73,65,18,56,235,205,187,255,158,81,141,164,145,
300,2,96,48,13,104,170,174,108,235,190,110,38,146,149,89,16,120,174,239,124,239,255,64,221,64,48,163,9,6,193,164,114,169,28,26,111,204,168,52,90,16,140,4,208,169,118,235,171,82,12,72,
300,2,144,48,174,120,140,27,20,5,228,180,216,10,48,100,213,112,166,25,128,142,219,153,214,250,125,15,20,92,248,99,43,74,24,97,128,83,9,8,1,138,138,10,111,61,67,133,134,75,2,137,
300,2,192,48,139,150,8,65,144,146,75,3,149,150,159,12,64,154,155,64,5,12,159,168,139,142,66,71,164,93,6,169,177,1,145,59,163,174,58,9,178,178,122,60,182,183,157,186,178,6,63,190,
300,2,240,48,155,166,193,186,195,62,197,134,11,200,193,11,196,173,155,185,207,193,7,210,180,119,192,214,11,67,177,216,203,211,123,199,214,8,133,2,169,225,143,227,113,5,7,214,138,202,57,5,
300,2,288,48,234,217,119,213,214,7,171,3,246,226,218,107,60,33,83,0,144,0,44,84,235,122,181,19,51,64,65,188,115,64,14,126,74,88,107,161,150,2,206,226,37,72,34,209,18,69,86,5,
300,2,336,48,255,153,228,123,182,96,85,143,142,139,62,230,96,38,199,161,53,130,76,80,42,218,248,239,34,188,120,33,187,160,82,32,202,98,146,145,200,230,73,121,183,40,90,207,156,189,4,94,
300,2,384,48,51,185,135,101,15,162,230,144,218,113,186,67,166,46,154,183,8,80,197,1,20,26,83,73,84,11,184,124,6,51,43,200,101,15,165,130,245,73,64,169,48,179,53,121,116,85,247,213,
300,2,432,48,44,203,177,178,212,254,242,137,55,149,222,189,0,251,162,250,235,138,165,213,79,88,225,178,3,88,15,25,68,197,10,11,30,70,197,160,110,97,182,6,227,149,132,92,6,179,86,183,
300,2,480,48,178,18,219,245,140,35,227,179,199,163,213,54,140,87,57,181,200,120,1,54,95,38,140,17,182,232,161,41,146,108,93,38,88,22,106,42,159,132,70,222,130,40,222,62,41,130,67,238,
300,2,528,48,14,50,247,45,167,84,70,23,143,169,173,81,201,92,149,157,9,255,40,71,22,169,85,236,90,73,71,225,70,242,235,247,123,113,138,91,187,141,227,124,92,59,205,83,253,110,239,79,
300,2,576,48,58,57,211,200,142,231,112,111,159,15,212,103,110,224,112,211,255,68,232,25,178,90,55,248,121,84,32,88,160,193,6,222,114,233,193,134,208,130,164,80,39,97,0,15,138,71,206,41,
300,2,624,48,18,102,168,93,28,228,1,72,33,92,147,161,194,94,118,156,173,212,224,39,95,65,72,74,137,1,8,87,209,135,128,28,72,89,38,26,102,53,0,135,139,200,56,92,138,93,160,128,
300,2,672,48,69,19,57,2,169,91,145,70,30,149,36,25,46,46,153,77,1,80,70,41,229,148,84,86,105,229,149,88,102,89,229,16,32,116,233,229,151,96,134,73,196,133,100,150,9,155,9,48,
300,2,720,48,154,169,38,153,104,174,233,230,155,49,142,9,231,156,108,202,121,205,6,3,162,98,192,158,124,246,185,167,60,126,242,153,138,2,38,200,224,86,155,201,120,176,75,151,138,124,240,9,
300,2,768,48,2,33,232,105,103,42,25,228,25,0,143,193,96,64,105,58,186,48,128,129,122,138,32,112,232,164,136,105,106,166,169,159,160,42,31,6,152,38,122,152,2,170,146,25,107,163,156,198,
300,2,816,48,130,65,130,174,218,42,128,165,23,206,26,128,175,161,2,27,11,162,168,8,27,143,175,194,154,16,95,42,196,166,90,235,188,169,207,46,130,193,1,212,86,203,225,180,103,146,202,136,
300,2,864,48,177,214,32,219,193,65,24,244,38,140,182,1,192,26,109,42,12,164,171,110,177,231,254,218,46,173,188,230,186,41,50,28,176,59,175,174,184,202,203,238,138,221,182,43,236,2,220,34,
300,2,912,48,70,71,44,23,188,123,172,191,6,187,203,111,170,3,175,42,64,171,18,122,123,85,192,210,210,33,46,192,2,228,219,239,189,139,82,50,16,27,6,99,236,199,2,7,20,186,49,187,
300,2,960,48,29,140,5,169,12,212,154,144,32,27,22,251,86,240,6,39,59,155,242,68,223,90,226,41,5,9,47,162,128,184,116,198,130,128,184,48,79,208,115,208,115,22,205,51,208,72,187,9,
300,2,1008,31,43,13,18,144,219,244,154,23,64,205,115,198,76,79,29,140,2,24,91,109,132,152,96,135,157,129,213,17,0,0,59,
300,3,58144
300,END,1,3179
301,BEGIN,1
301,1,"\Client.txt"
301,2,0,13,"Object Client"
301,2,1,22,"Name = Anthony Roberts"
301,2,2,12,"Memo Address"
301,2,3,8,"// C-Tec"
301,2,4,22,"// Dark Lane Mawdesley"
301,2,5,2,"//"
301,2,6,8,"End Memo"
301,2,7,18,"Post Code = 987654"
301,2,8,22,"Tel. No. = 01234567890"
301,2,9,10,"End Object"
301,3,11116
301,END,1,19885
301,BEGIN,1
301,1,"\Installr.txt"
301,2,0,16,"Object Installer"
301,2,1,16,"Name = Dave Mear"
301,2,2,12,"Memo Address"
301,2,3,9,"// Signet"
301,2,4,2,"//"
301,2,5,8,"End Memo"
301,2,6,19,"Post Code = 1234546"
301,2,7,23,"Tel. No. = 098765343210"
301,2,8,10,"End Object"
301,3,9158
301,END,1,17500
301,BEGIN,1
301,1,"\SNotes.txt"
301,2,0,15,"Memo Site Notes"
301,2,1,14,"// Hello World"
301,2,2,32,"// Does this send & retreive OK?"
301,2,3,2,"//"
301,2,4,174,"// nnnnnnnnnnnnnnnnnnnnnnnnnnnnnnnnnnnnnnnnnnnnnnnnnnnnnnnnnnnnnnnnnnnnnnnnnnnnnnnn mmmmmmmmmmmmmmmmmmmmmmmmmmmmmmmmmmmmmmmmmmmm ooooooooooooooooooooooooooooooooooooooooooooo"
301,2,5,173,"pppppppppppppppppppppppppppppppppppppppppppppp qqqqqqqqqqqqqqqqqqqqqqqqqqqqqqqqqqqqqqqqqqqq eeeeeeeeeeeeeeeeeeeeeeeeeeeeeeeeee tttttttttttttttttttttttttttttttttttttttttttttt"
301,2,6,135,"yyyyyyyyyyyyyyyyyyyyyyyyyyyyyyyyyyyyyyyyyyyy ssssssssssssssssssssssssssssssssssssssssssss aaaaaaaaaaaaaaaaaaaaaaaaaaaaaaaaaaaaaaaaaaaaa"
301,2,7,8,"End Memo"
301,3,58624
301,END,1,1273
